,x,y
0,15.318227767944336,1.8923020362854004
1,-7.059980392456055,2.8521440029144287
2,-5.364305019378662,1.1695054769515991
3,-0.9699657559394836,0.36345216631889343
4,6.339237689971924,10.887401580810547
5,-0.45661768317222595,-3.3841264247894287
6,0.5616823434829712,-12.756162643432617
7,-3.170423984527588,10.150514602661133
8,-4.088415622711182,1.972288727760315
9,-1.3141714334487915,-2.6687283515930176
10,15.113076210021973,2.02142071723938
11,-7.161255836486816,4.4788384437561035
12,6.168092250823975,-5.08273983001709
13,-0.4319876730442047,1.3756464719772339
14,5.908308506011963,10.648214340209961
15,-6.128859043121338,-4.842999458312988
16,0.950160562992096,-13.372502326965332
17,-3.948326826095581,9.439722061157227
18,-4.479706287384033,2.788461923599243
19,-0.17858082056045532,-3.079227924346924
20,14.015161514282227,1.5602240562438965
21,-7.283255100250244,4.3999738693237305
22,6.030080318450928,-4.541563034057617
23,-0.2929334044456482,1.8050304651260376
24,6.316732883453369,10.373834609985352
25,-6.3579607009887695,-5.278178691864014
26,0.5280967354774475,-12.611654281616211
27,-4.362411975860596,9.88376522064209
28,-4.439868450164795,2.391435384750366
29,-0.20481306314468384,-3.1853885650634766
30,14.90577220916748,2.2097625732421875
31,-0.13842861354351044,-3.1265006065368652
32,-5.434865951538086,-4.324504375457764
33,-5.785549163818359,-4.456555366516113
34,0.7466776967048645,-13.264451026916504
35,-5.8096842765808105,-4.5294976234436035
36,14.139228820800781,1.9130456447601318
37,-0.5662981867790222,-2.3618481159210205
38,-4.750744819641113,2.9879603385925293
39,-0.8693799376487732,-3.321803569793701
40,-4.437927722930908,2.3967816829681396
41,5.767070770263672,10.532526016235352
42,-7.140784740447998,4.336660385131836
43,-4.284396648406982,9.83976936340332
44,-3.033177137374878,10.125283241271973
45,-0.28879648447036743,1.2447861433029175
46,-6.026636123657227,-4.666811943054199
47,-7.262259483337402,4.036960601806641
48,15.024402618408203,1.4851577281951904
49,14.62411117553711,1.0570214986801147
50,-5.372225284576416,1.1366143226623535
51,-5.3914875984191895,1.1681057214736938
52,-4.2052083015441895,9.8883695602417
53,-4.843203067779541,2.4038801193237305
54,-5.385112762451172,1.173581600189209
55,13.92657470703125,1.5362099409103394
56,-7.3115715980529785,4.29134464263916
57,-5.398692607879639,1.1698564291000366
58,0.6960492730140686,-12.602747917175293
59,-0.578433096408844,1.5789079666137695
60,-0.3473522365093231,1.383915662765503
61,-3.946420907974243,9.52126693725586
62,-0.1851324737071991,1.5585088729858398
63,-0.40625718235969543,1.661487340927124
64,6.110334396362305,10.596047401428223
65,1.0406585931777954,-12.874547004699707
66,0.5818513035774231,-12.678130149841309
67,1.61969792842865,-11.888683319091797
68,5.325434684753418,10.684486389160156
69,-2.234011173248291,9.66067886352539
70,-7.28324556350708,4.022558212280273
71,-5.479065418243408,-4.317851543426514
72,14.056230545043945,1.4764889478683472
73,-0.37585514783859253,-3.3080832958221436
74,-5.304192543029785,-4.757481098175049
75,-5.4164862632751465,1.169987678527832
76,-4.84797477722168,2.7912890911102295
77,-5.465970516204834,1.2385036945343018
78,14.856925964355469,0.9883304238319397
79,14.61028003692627,1.0484834909439087
80,-7.2700514793396,4.186229228973389
81,-3.329630136489868,9.987164497375488
82,0.5460423827171326,-12.745129585266113
83,-0.22429350018501282,1.7786370515823364
84,6.566951751708984,-3.9108777046203613
85,-7.132632255554199,3.9729833602905273
86,-4.404660224914551,9.794262886047363
87,5.188551425933838,10.60124397277832
88,0.6586728692054749,-12.996286392211914
89,-0.23875895142555237,1.6376395225524902
90,-7.125697135925293,4.324267864227295
91,-0.43917423486709595,1.7567414045333862
92,-0.8938618302345276,-3.574096441268921
93,-7.084364414215088,3.1564440727233887
94,-3.7295095920562744,9.271565437316895
95,0.42360955476760864,-12.652219772338867
96,-4.765679359436035,2.9495601654052734
97,6.190605640411377,10.386188507080078
98,-0.29856961965560913,1.735195279121399
99,-6.650287628173828,2.292194366455078
100,6.283899784088135,10.579524040222168
101,14.11918830871582,1.2851307392120361
102,-5.490501403808594,-4.8653950691223145
103,-1.5060847997665405,2.221769332885742
104,0.6064226627349854,-12.466079711914062
105,-0.18389548361301422,-3.1563851833343506
106,0.5073915123939514,-12.87058162689209
107,-7.1479058265686035,4.595177173614502
108,-4.13332462310791,9.668051719665527
109,-6.191850185394287,-5.107094764709473
110,5.3203558921813965,10.588183403015137
111,5.3612470626831055,10.59105110168457
112,-3.5280251502990723,9.672148704528809
113,5.9219069480896,-4.4175310134887695
114,-4.890008449554443,2.6266279220581055
115,-5.359975337982178,1.1584022045135498
116,-5.343313694000244,1.1353576183319092
117,-6.475719928741455,-4.917792797088623
118,-3.5656540393829346,9.764655113220215
119,-0.12686029076576233,-3.042473316192627
120,-5.638229846954346,-4.557829856872559
121,5.191033363342285,10.459578514099121
122,-4.664175987243652,2.460223436355591
123,-5.025744915008545,2.1554927825927734
124,5.716601371765137,10.4805269241333
125,-0.9889315962791443,-3.1492412090301514
126,13.980734825134277,1.4491338729858398
127,-5.0305938720703125,2.9378767013549805
128,-1.0455350875854492,-3.5442569255828857
129,-6.511277675628662,2.4916024208068848
130,14.829025268554688,1.488115668296814
131,-7.506400108337402,4.9060959815979
132,6.468448638916016,-3.7595460414886475
133,-0.3533734083175659,1.8482792377471924
134,6.282432556152344,9.563615798950195
135,-6.7015252113342285,-5.128190517425537
136,1.920836329460144,-12.423937797546387
137,-3.4216060638427734,9.369094848632812
138,-4.344086170196533,2.1643667221069336
139,-0.29666462540626526,-3.1931958198547363
140,14.26677131652832,1.6810482740402222
141,-7.191476821899414,4.706296443939209
142,6.252918243408203,-3.712148904800415
143,-0.15974445641040802,1.5794614553451538
144,6.40371561050415,9.412166595458984
145,-6.271430969238281,-4.718914985656738
146,1.3611888885498047,-13.446244239807129
147,-3.251643657684326,9.347196578979492
148,-4.300832271575928,1.9789841175079346
149,-0.5794046521186829,-3.4024147987365723
150,14.1922607421875,1.2785089015960693
151,-7.251683235168457,4.8275041580200195
152,5.714648723602295,-4.344536781311035
153,-0.2927265465259552,1.841023564338684
154,6.372529983520508,9.471811294555664
155,-6.831291675567627,-5.364193439483643
156,0.7351412177085876,-12.821959495544434
157,-2.923203468322754,9.387290000915527
158,-4.749726295471191,2.379706382751465
159,-0.3995882272720337,-3.3271334171295166
160,14.186295509338379,1.8689359426498413
161,-0.34217751026153564,-3.3005077838897705
162,-6.365423679351807,-4.878230571746826
163,-6.87697696685791,-5.261231422424316
164,1.6921639442443848,-11.93557357788086
165,-6.898185729980469,-5.187349319458008
166,14.512163162231445,1.9359171390533447
167,-0.3574512302875519,-2.9402434825897217
168,-4.397207736968994,2.236992597579956
169,-0.2432464063167572,-3.088395357131958
170,-5.033761501312256,2.4991557598114014
171,6.470682144165039,9.349581718444824
172,-7.323038101196289,4.678073883056641
173,-4.183319568634033,9.997891426086426
174,-4.1863532066345215,9.236235618591309
175,-0.5927256941795349,1.647721529006958
176,-6.312812805175781,-5.062764644622803
177,-7.271970272064209,4.823853015899658
178,14.72055435180664,0.9794409871101379
179,13.947554588317871,1.5014011859893799
180,6.0302019119262695,-3.9741945266723633
181,6.045130729675293,-3.8003761768341064
182,-3.2856030464172363,9.48050308227539
183,-4.324178218841553,1.9923007488250732
184,6.953063011169434,-3.945178508758545
185,13.969390869140625,1.4330494403839111
186,-7.3440446853637695,4.656002044677734
187,6.599147796630859,-4.339704513549805
188,1.4417015314102173,-12.14394760131836
189,-0.029424140229821205,1.5210731029510498
190,-0.19208361208438873,1.694044589996338
191,-2.8201987743377686,9.421627044677734
192,-0.0711631178855896,1.7371435165405273
193,-0.23995576798915863,1.5399104356765747
194,6.371341228485107,9.384756088256836
195,0.7610350251197815,-12.889400482177734
196,1.3711434602737427,-12.112513542175293
197,1.7363386154174805,-12.129117012023926
198,6.502269268035889,9.343281745910645
199,-0.7459062933921814,-3.1385786533355713
200,-7.090384483337402,4.519601821899414
201,-6.496414661407471,-5.129500865936279
202,14.310946464538574,1.2187881469726562
203,-0.8276649117469788,-3.268293857574463
204,-6.899415493011475,-5.325550556182861
205,5.556459426879883,-4.329713821411133
206,-4.384410858154297,2.714817523956299
207,6.080098628997803,-3.8768277168273926
208,13.896750450134277,1.7222250699996948
209,14.024567604064941,1.3520632982254028
210,-7.317312240600586,4.71985387802124
211,-2.490032196044922,9.871338844299316
212,1.50810968875885,-11.928874015808105
213,-0.2059057354927063,1.7840406894683838
214,6.2171854972839355,-3.8083958625793457
215,-7.039451599121094,4.4868645668029785
216,-2.905970335006714,9.37795639038086
217,-0.15727975964546204,1.797714114189148
218,-7.182491779327393,4.802751064300537
219,-0.24254509806632996,1.7222338914871216
220,-1.262724757194519,-2.9088356494903564
221,-7.225686550140381,4.467617988586426
222,-3.825498342514038,9.97668743133545
223,0.7069035172462463,-13.213837623596191
224,-4.670083522796631,1.708006739616394
225,6.429190635681152,9.41368579864502
226,-0.19980046153068542,1.8235430717468262
227,-7.12481164932251,4.4951863288879395
228,6.442510604858398,9.405069351196289
229,14.60404109954834,1.1109589338302612
230,-6.813750267028809,-5.163323402404785
231,-0.32409581542015076,1.9487073421478271
232,1.7763195037841797,-13.158620834350586
233,-0.43232834339141846,-3.3688926696777344
234,2.1802821159362793,-12.638157844543457
235,-7.198211669921875,4.537151336669922
236,-2.936549186706543,9.505117416381836
237,-6.7651262283325195,-5.1947021484375
238,6.506755352020264,9.33447265625
239,6.460221767425537,9.431148529052734
240,-2.9527571201324463,9.369804382324219
241,7.019571781158447,-3.9415383338928223
242,-4.911199569702148,2.3359858989715576
243,6.961886882781982,-3.887470245361328
244,6.044910430908203,-3.947387218475342
245,-6.9050822257995605,-5.226902008056641
246,-6.577213764190674,-5.084935665130615
247,6.427700519561768,9.566774368286133
248,-4.640016555786133,2.087372064590454
249,-4.660064697265625,1.9789936542510986
250,6.405381679534912,9.448173522949219
251,-1.4040948152542114,-2.6058292388916016
252,14.050597190856934,1.4139398336410522
253,-4.772327423095703,1.7344331741333008
254,-1.334803819656372,-2.7062363624572754
255,-4.656559467315674,2.4331305027008057
256,15.010851860046387,2.0204648971557617
257,-6.3392415046691895,2.67395281791687
258,6.215211868286133,-4.134191513061523
259,-1.032593846321106,0.2179836481809616
260,5.260477542877197,10.659318923950195
261,-4.7533860206604,-3.991515636444092
262,2.122824192047119,-12.28410530090332
263,-4.024426460266113,10.024680137634277
264,-3.7084574699401855,1.4780040979385376
265,-4.836530685424805,7.278941631317139
266,14.670451164245605,1.397445797920227
267,-6.592944622039795,3.4861085414886475
268,6.232616901397705,-4.049170017242432
269,-0.7615712285041809,0.7780793905258179
270,5.34928560256958,10.57662296295166
271,-6.407193183898926,-4.7319817543029785
272,1.778369426727295,-12.432116508483887
273,-3.2529754638671875,9.807597160339355
274,-4.294584274291992,2.8531644344329834
275,-4.83241605758667,7.285887718200684
276,15.137615203857422,1.8985111713409424
277,-6.250976085662842,2.9120981693267822
278,6.215556621551514,-3.855764389038086
279,-0.3838615119457245,0.3275788128376007
280,5.256763458251953,10.424945831298828
281,-5.12377405166626,-4.226521015167236
282,1.7449541091918945,-11.879429817199707
283,-4.2613205909729,9.168898582458496
284,-4.389396667480469,2.7827186584472656
285,-0.7947912812232971,-3.370866060256958
286,15.20732307434082,2.0748584270477295
287,-0.21205800771713257,-2.934548854827881
288,-5.07436466217041,-4.058711528778076
289,-4.518952369689941,-4.474081039428711
290,1.410966157913208,-12.7054443359375
291,-4.137898921966553,-4.149560451507568
292,15.208467483520508,2.231058120727539
293,-1.3788279294967651,-3.001213788986206
294,-4.237059116363525,1.7458354234695435
295,-0.8063287734985352,-2.6122384071350098
296,-4.042669773101807,1.8286755084991455
297,5.88413667678833,10.46355152130127
298,-6.271262168884277,2.241711378097534
299,-3.092272996902466,9.638993263244629
300,-4.3303446769714355,9.112814903259277
301,-0.44405055046081543,0.8202404975891113
302,-5.0405402183532715,-4.067818641662598
303,-6.388960361480713,2.825380325317383
304,15.189971923828125,1.466029167175293
305,15.311338424682617,1.53822922706604
306,6.468525409698486,-3.6706159114837646
307,6.153650283813477,-3.831716537475586
308,-4.276063919067383,9.842239379882812
309,-3.615722894668579,1.2544628381729126
310,6.132851600646973,-4.173011302947998
311,15.29322338104248,1.8377625942230225
312,-7.059473514556885,4.4908857345581055
313,6.407731056213379,-3.9382405281066895
314,2.153394937515259,-12.3685302734375
315,-0.9735754132270813,0.5730848908424377
316,-0.2759331464767456,0.9886353015899658
317,-4.3385396003723145,9.498217582702637
318,-0.6446107029914856,0.5614325404167175
319,-0.792168915271759,0.7274437546730042
320,5.395540237426758,10.500768661499023
321,1.831315279006958,-12.060917854309082
322,1.7071149349212646,-12.097623825073242
323,1.42350172996521,-12.805337905883789
324,5.3474016189575195,10.306036949157715
325,-4.863175392150879,7.297738552093506
326,-6.665541648864746,2.4480807781219482
327,-6.071512699127197,-4.947380542755127
328,14.973614692687988,1.8477388620376587
329,-4.83513879776001,7.283791542053223
330,-5.069911003112793,-4.132810592651367
331,6.1151957511901855,-3.999274253845215
332,-3.7648487091064453,1.6018427610397339
333,6.387186527252197,-3.6884679794311523
334,15.1249418258667,1.9534871578216553
335,15.0550537109375,1.8979918956756592
336,-6.471135139465332,3.005239248275757
337,-3.897616386413574,9.2301607131958
338,0.9059681296348572,-13.083367347717285
339,-0.7071681022644043,0.8057966232299805
340,6.130623817443848,-3.771758794784546
341,-6.483679294586182,3.1544759273529053
342,-3.757585287094116,9.236814498901367
343,5.270412445068359,10.524772644042969
344,2.1367387771606445,-12.294276237487793
345,-0.4817493259906769,1.139431118965149
346,-6.4949774742126465,2.872894048690796
347,-0.9983946681022644,0.6313340067863464
348,-4.866507053375244,7.270569801330566
349,-7.040857315063477,2.4948577880859375
350,-2.9854724407196045,9.422751426696777
351,1.4716895818710327,-12.701798439025879
352,-4.272344589233398,2.2988412380218506
353,6.09916877746582,10.536996841430664
354,-1.0247172117233276,0.6410290002822876
355,-7.186223030090332,2.597277879714966
356,5.082324028015137,10.638501167297363
357,14.680851936340332,1.4695408344268799
358,-4.644397735595703,-4.092233180999756
359,-0.2636796236038208,0.31918251514434814
360,1.8702094554901123,-12.188977241516113
361,-4.837145805358887,7.247823238372803
362,1.7030960321426392,-12.038939476013184
363,-6.274125576019287,2.2666594982147217
364,-3.007784128189087,9.392643928527832
365,-5.416518688201904,-4.558147430419922
366,6.650321006774902,10.581979751586914
367,5.599937915802002,10.55357551574707
368,-3.7735633850097656,9.30627155303955
369,6.199501991271973,-3.9320530891418457
370,-3.958299398422241,1.795721173286438
371,6.402315139770508,-3.648350238800049
372,6.329329967498779,-4.006141185760498
373,-4.480465888977051,-4.309510231018066
374,-4.18256139755249,9.392021179199219
375,-7.0282697677612305,5.9800519943237305
376,-6.780711650848389,-5.0385613441467285
377,5.37790060043335,10.370577812194824
378,-3.341190814971924,1.5838690996170044
379,-3.896334409713745,1.651655912399292
380,5.655983924865723,10.496731758117676
381,-7.169447422027588,5.898487567901611
382,14.850395202636719,1.2015513181686401
383,-4.302712440490723,2.7495505809783936
384,-4.865655899047852,7.278539180755615
385,-0.5245291590690613,1.1854146718978882
386,14.577324867248535,1.047878384590149
387,-7.673849105834961,4.8867034912109375
388,6.194540500640869,-4.940279960632324
389,-0.403886616230011,0.8768712878227234
390,6.446334362030029,9.343965530395508
391,-5.443918228149414,-4.221898555755615
392,1.6963180303573608,-13.211294174194336
393,-4.835346698760986,7.980226516723633
394,-3.7234745025634766,1.231432318687439
395,-0.901701807975769,-3.610128402709961
396,14.466312408447266,1.3307050466537476
397,-7.2854132652282715,4.039858818054199
398,6.096400737762451,-5.22267484664917
399,-1.1361687183380127,0.09448185563087463
400,5.648919582366943,9.432942390441895
401,-5.699273586273193,-4.514313697814941
402,1.6536588668823242,-13.445634841918945
403,-4.839798927307129,7.950284481048584
404,-4.261210918426514,2.4239020347595215
405,-0.38837164640426636,-2.7507073879241943
406,14.263442993164062,1.251067876815796
407,-7.334682941436768,4.3849711418151855
408,6.702090263366699,-4.794327259063721
409,-0.6997588872909546,-0.033767249435186386
410,6.2931809425354,9.503430366516113
411,-5.621298313140869,-4.463644027709961
412,1.6713236570358276,-13.546516418457031
413,-4.8325066566467285,7.969395160675049
414,-3.744981288909912,0.9297006130218506
415,-0.4864822030067444,-2.662250280380249
416,14.301316261291504,1.7751446962356567
417,-1.2918146848678589,-2.5087008476257324
418,-5.141510009765625,-4.07282018661499
419,-5.520695686340332,-4.492213249206543
420,1.6565028429031372,-13.510961532592773
421,-1.173939824104309,-3.6362533569335938
422,14.570987701416016,1.2796772718429565
423,-1.313597321510315,-2.5193943977355957
424,-3.927454710006714,1.6576159000396729
425,-0.9367051720619202,-2.783968448638916
426,-3.7757978439331055,1.6054128408432007
427,6.273824691772461,9.677878379821777
428,-7.393836498260498,4.484717845916748
429,-4.870656967163086,7.955563068389893
430,-4.641486644744873,8.187250137329102
431,-1.1422059535980225,0.11051436513662338
432,-5.514214038848877,-4.400094985961914
433,-7.319125652313232,4.047125339508057
434,14.673137664794922,1.036246418952942
435,14.495881080627441,1.1269911527633667
436,6.106448173522949,-5.181311130523682
437,6.299563884735107,-4.83191442489624
438,-4.841812610626221,7.939816474914551
439,-3.7008414268493652,0.9904082417488098
440,6.158597946166992,-4.962540149688721
441,15.318156242370605,1.4959384202957153
442,-11.335548400878906,-16.248266220092773
443,5.978694915771484,-5.198461055755615
444,1.6859725713729858,-12.621832847595215
445,-0.9952415823936462,0.31514057517051697
446,-1.2147928476333618,0.06877318024635315
447,-4.85869836807251,7.955677509307861
448,-1.0900797843933105,0.15655431151390076
449,-1.2081736326217651,0.07330045104026794
450,6.139962196350098,9.45514965057373
451,1.6162900924682617,-13.537019729614258
452,1.6431161165237427,-13.368812561035156
453,1.6253520250320435,-13.596622467041016
454,6.415563583374023,9.42763614654541
455,-1.056357979774475,-2.8277158737182617
456,-7.384809494018555,4.389190196990967
457,-5.020318984985352,-4.084386348724365
458,14.510104179382324,1.8968545198440552
459,-1.2553763389587402,-2.525390863418579
460,-5.443899154663086,-4.470300197601318
461,6.372642993927002,-5.029453754425049
462,-3.8675148487091064,1.4602714776992798
463,6.541940689086914,-4.663880348205566
464,15.216583251953125,1.5680879354476929
465,14.487520217895508,0.982204258441925
466,-7.264850616455078,3.97572922706604
467,-4.865345478057861,7.9384307861328125
468,0.884834885597229,-12.636970520019531
469,-1.1824334859848022,0.06696486473083496
470,6.8041815757751465,-4.636853218078613
471,-7.22854471206665,4.0016279220581055
472,-4.709412574768066,8.145211219787598
473,6.373661041259766,10.176718711853027
474,1.5264595746994019,-13.651530265808105
475,-1.16721510887146,0.1363343745470047
476,-7.25305700302124,4.354665279388428
477,-0.9698543548583984,0.19421100616455078
478,-1.0898290872573853,-2.6566145420074463
479,-7.318816661834717,4.194118499755859
480,-4.861876487731934,7.457754611968994
481,1.578748106956482,-13.627901077270508
482,-3.812894821166992,1.5754585266113281
483,6.139333724975586,9.443177223205566
484,-1.0088034868240356,0.267059862613678
485,-7.322510242462158,4.055871963500977
486,6.323678016662598,9.473860740661621
487,14.367804527282715,1.125235915184021
488,-5.585351467132568,-4.3546671867370605
489,-1.1587377786636353,0.0969206690788269
490,1.5429140329360962,-13.504353523254395
491,-1.2795720100402832,-2.4971842765808105
492,0.5328966379165649,-12.32019329071045
493,-7.407880783081055,4.503114223480225
494,-4.848695755004883,7.954786777496338
495,-5.5837836265563965,-4.479737281799316
496,6.335875988006592,10.031285285949707
497,6.411251544952393,9.702573776245117
498,-4.8517608642578125,7.92581033706665
499,6.625043869018555,-4.461043357849121
500,-3.5575122833251953,1.3633109331130981
501,6.681917190551758,-4.804912567138672
502,-5.3763604164123535,1.149165153503418
503,-6.339292526245117,-5.1658830642700195
504,-4.765582084655762,8.029437065124512
505,-0.9569924473762512,-2.661616325378418
506,-5.463901042938232,-4.486037731170654
507,6.301171779632568,10.099247932434082
508,-4.213698387145996,2.194844961166382
509,-4.4001054763793945,2.267197608947754
510,6.44279670715332,9.322723388671875
511,-1.1935381889343262,-3.5270767211914062
512,14.877106666564941,1.6777944564819336
513,-3.7863783836364746,1.4441659450531006
514,-1.0701000690460205,-2.716442584991455
515,-3.8266282081604004,1.404904842376709
516,14.600186347961426,1.9203999042510986
517,-11.41415023803711,-16.166105270385742
518,5.547143459320068,-5.267393589019775
519,0.11966010183095932,-0.6600269675254822
520,5.111989498138428,9.592732429504395
521,-4.934503078460693,-4.07167911529541
522,0.964144229888916,-12.5360689163208
523,-2.5037832260131836,9.87688159942627
524,-4.755000591278076,1.5963730812072754
525,-1.2805918455123901,-2.37162184715271
526,15.355023384094238,1.479141354560852
527,-11.350387573242188,-16.23167610168457
528,5.93413782119751,-4.801633834838867
529,0.13011837005615234,-0.557853639125824
530,4.98367977142334,9.759367942810059
531,-4.570324420928955,-3.9762678146362305
532,1.4128848314285278,-12.49273681640625
533,-3.111173391342163,10.122943878173828
534,-4.687540531158447,1.5637227296829224
535,-1.2315771579742432,-2.7431674003601074
536,14.868197441101074,2.0449700355529785
537,-11.478582382202148,-16.099687576293945
538,5.844707012176514,-5.02987813949585
539,0.15165747702121735,-0.6513296961784363
540,5.510350227355957,9.424941062927246
541,-4.682076454162598,-4.0440144538879395
542,1.4451189041137695,-12.512470245361328
543,-4.298762321472168,9.932469367980957
544,-4.530821800231934,1.5314035415649414
545,-1.0258792638778687,-2.3254055976867676
546,14.69685173034668,2.0284793376922607
547,-4.221863746643066,2.5172929763793945
548,-5.156054496765137,-4.155378818511963
549,-4.4078240394592285,-4.001152515411377
550,0.8968388438224792,-12.404739379882812
551,-4.662180423736572,-3.9209253787994385
552,15.265257835388184,1.2857564687728882
553,-1.223276972770691,-3.5444772243499756
554,-4.678167819976807,1.5817667245864868
555,-1.2181105613708496,-2.314746141433716
556,-4.76969051361084,1.4302743673324585
557,5.246168613433838,9.617693901062012
558,-11.362552642822266,-16.21569061279297
559,-3.8466691970825195,9.608368873596191
560,-3.405383586883545,10.083023071289062
561,0.1038721352815628,-0.6110413670539856
562,-4.782924652099609,-4.026456356048584
563,-11.442854881286621,-16.127439498901367
564,14.94151782989502,1.642456293106079
565,15.061193466186523,0.9449781179428101
566,5.857880115509033,-4.89424467086792
567,5.8636155128479,-4.870075225830078
568,-2.728485584259033,10.050497055053711
569,-4.743102550506592,1.3925365209579468
570,5.803159713745117,-4.950192451477051
571,15.061090469360352,1.9994077682495117
572,-11.292000770568848,-16.286285400390625
573,5.894376754760742,-4.841942310333252
574,0.8537785410881042,-12.36048412322998
575,0.1410611867904663,-0.7018977999687195
576,-0.021964194253087044,0.19811734557151794
577,-4.253389835357666,9.947249412536621
578,0.16280962526798248,-0.6498389840126038
579,0.1199062243103981,-0.6351151466369629
580,5.297237873077393,9.844783782958984
581,1.1095669269561768,-12.378674507141113
582,0.8938395977020264,-12.490715026855469
583,1.3577938079833984,-12.420616149902344
584,5.0295729637146,9.708707809448242
585,-1.255149245262146,-3.335482597351074
586,-11.47109603881836,-16.102941513061523
587,-4.890605449676514,-4.095905303955078
588,14.44811725616455,1.6915644407272339
589,-1.1725999116897583,-2.9806582927703857
590,-4.546635627746582,-3.9958627223968506
591,5.7324042320251465,-5.124083518981934
592,-4.799885272979736,1.4184935092926025
593,6.241531848907471,-4.106357574462891
594,15.061949729919434,1.7033036947250366
595,14.740824699401855,2.041301727294922
596,-11.465692520141602,-16.108957290649414
597,-3.0093555450439453,10.029052734375
598,1.00614333152771,-12.366732597351074
599,0.17455366253852844,-0.7254833579063416
600,6.63623571395874,-4.0557026863098145
601,-11.457244873046875,-16.117996215820312
602,-3.179023265838623,10.134300231933594
603,5.131065845489502,9.560803413391113
604,0.7132956981658936,-12.343993186950684
605,0.12531934678554535,-0.6517432928085327
606,-11.370820045471191,-16.20169448852539
607,0.15217438340187073,-0.6508165597915649
608,-1.207177758216858,-2.3827295303344727
609,-11.43078899383545,-16.14764404296875
610,-3.2467446327209473,9.586081504821777
611,0.9944047331809998,-12.579920768737793
612,-4.755331039428711,1.500967264175415
613,5.24639368057251,9.569486618041992
614,0.09511536359786987,-0.5830873250961304
615,-5.93727445602417,2.5007503032684326
616,5.19204044342041,9.596603393554688
617,14.83086109161377,2.186645746231079
618,-4.419366359710693,-3.960176467895508
619,0.1655782014131546,-0.6297581791877747
620,0.8753964304924011,-12.594104766845703
621,-1.1181046962738037,-2.2688519954681396
622,0.9009478092193604,-12.420438766479492
623,-11.366759300231934,-16.213031768798828
624,-3.316774606704712,9.918907165527344
625,-4.850436687469482,-4.152787685394287
626,5.426615238189697,9.391684532165527
627,5.380396842956543,9.861649513244629
628,-2.6918370723724365,9.718246459960938
629,5.87346887588501,-4.845098972320557
630,-4.539236545562744,1.6713523864746094
631,6.097280979156494,-4.287552833557129
632,5.887235164642334,-4.894369125366211
633,-4.9729156494140625,-4.114835262298584
634,-3.256227970123291,10.106711387634277
635,-0.7019096612930298,-2.844412326812744
636,-4.573159217834473,-4.063479423522949
637,5.072259902954102,9.57676887512207
638,-4.761862277984619,1.5493329763412476
639,-4.75839376449585,1.4585884809494019
640,5.0861687660217285,9.625914573669434
641,-1.2303800582885742,-3.2346856594085693
642,14.905133247375488,1.8272236585617065
643,-4.78326416015625,1.433760643005371
644,-0.5560393929481506,-2.7294156551361084
645,-4.695417881011963,1.5343903303146362
646,14.463374137878418,2.0027880668640137
647,-6.314657211303711,2.6173460483551025
648,5.763426303863525,-3.7346155643463135
649,-0.3859776556491852,0.8620898723602295
650,6.3798322677612305,9.473085403442383
651,-5.034142017364502,-4.537914276123047
652,1.666927456855774,-11.991270065307617
653,-3.284311532974243,9.967538833618164
654,-3.7714717388153076,1.6694949865341187
655,-7.125082969665527,5.85664701461792
656,15.278059005737305,2.433056592941284
657,-6.156487464904785,2.2750024795532227
658,5.769665241241455,-3.8019330501556396
659,-0.08815210312604904,0.8194783329963684
660,6.384985446929932,9.486920356750488
661,-6.247542381286621,-5.261636734008789
662,1.6743589639663696,-11.994339942932129
663,-4.302289962768555,9.974026679992676
664,-4.119013786315918,2.1846649646759033
665,-7.126753807067871,5.869689464569092
666,14.234777450561523,1.9339888095855713
667,-6.206160545349121,2.212876081466675
668,5.71414041519165,-3.8160243034362793
669,-0.5673612952232361,0.8610284924507141
670,6.385853290557861,9.85312557220459
671,-6.455045223236084,-5.275699615478516
672,1.800179123878479,-12.04848575592041
673,-4.545526027679443,9.832478523254395
674,-3.809196949005127,1.7164186239242554
675,-7.173201084136963,5.835226535797119
676,15.02855110168457,1.9888194799423218
677,-7.128920555114746,5.852048873901367
678,-4.941853046417236,-4.739748954772949
679,-6.422011375427246,-5.171969890594482
680,1.7470623254776,-12.093910217285156
681,-6.3964715003967285,-5.2450127601623535
682,14.48966121673584,1.2106969356536865
683,-7.249584197998047,5.3987627029418945
684,-4.093011379241943,1.992619276046753
685,-7.144722938537598,5.84158182144165
686,-3.9316465854644775,1.8592438697814941
687,6.21901273727417,9.658787727355957
688,-6.119013786315918,2.7669057846069336
689,-4.536960124969482,9.829607009887695
690,-4.539163112640381,9.787027359008789
691,-0.13758401572704315,1.014080286026001
692,-6.3688459396362305,-5.198990345001221
693,-6.094865798950195,2.7402822971343994
694,14.192889213562012,1.7766095399856567
695,15.258210182189941,2.098273277282715
696,5.574734687805176,-4.2116193771362305
697,5.66471004486084,-3.8716821670532227
698,-4.3639678955078125,9.939833641052246
699,-4.224410533905029,2.3484742641448975
700,5.476507186889648,-4.188137531280518
701,13.829142570495605,1.6351802349090576
702,-6.686713218688965,2.8871970176696777
703,5.477253437042236,-4.272082805633545
704,1.6438171863555908,-11.908814430236816
705,-0.0267755389213562,0.7882320284843445
706,-0.3772414028644562,0.8671219348907471
707,-4.465322494506836,9.826739311218262
708,-0.012477223761379719,0.8460029363632202
709,-0.6257859468460083,0.8886396288871765
710,5.604925632476807,10.301495552062988
711,2.104548454284668,-12.202383041381836
712,1.5158315896987915,-12.895246505737305
713,2.0615310668945312,-12.115504264831543
714,6.340197563171387,9.4764986038208
715,-7.1948652267456055,5.790989398956299
716,-6.174291610717773,2.562084197998047
717,-4.950422763824463,-4.873498439788818
718,14.095359802246094,1.8388136625289917
719,-7.2027587890625,5.745100975036621
720,-4.975367546081543,-4.858643054962158
721,5.6140875816345215,-4.105257987976074
722,-3.6769392490386963,1.3242813348770142
723,5.848249912261963,-3.870962381362915
724,14.307904243469238,1.914711356163025
725,14.682100296020508,1.6306167840957642
726,-6.7188720703125,2.921109199523926
727,-4.455857276916504,9.874794006347656
728,1.791523814201355,-12.145256996154785
729,-0.1021319329738617,0.926094114780426
730,6.451566696166992,-3.603867530822754
731,-6.021090984344482,2.487548828125
732,-4.559854507446289,9.840301513671875
733,6.299074172973633,9.491861343383789
734,0.7489267587661743,-12.878278732299805
735,-0.10243527591228485,0.7626323699951172
736,-5.989206314086914,2.485689640045166
737,-0.9813399314880371,0.5953915119171143
738,-7.216615676879883,5.727825164794922
739,-5.991530895233154,2.5670173168182373
740,-4.4583868980407715,9.857803344726562
741,2.1093294620513916,-12.376481056213379
742,-4.75901985168457,2.2474400997161865
743,5.118108749389648,9.602139472961426
744,-1.0070961713790894,0.5719455480575562
745,-6.1584882736206055,2.5373740196228027
746,-3.2853219509124756,10.081521034240723
747,14.31979751586914,1.6271758079528809
748,-4.912472248077393,-4.7229838371276855
749,-0.7454261183738708,0.8418224453926086
750,0.7346420884132385,-12.960631370544434
751,-7.164273738861084,5.8282151222229
752,0.7454952597618103,-12.988166809082031
753,-6.22537088394165,2.610931396484375
754,-4.4685282707214355,9.888681411743164
755,-6.484436511993408,-5.12966775894165
756,5.4494757652282715,9.407479286193848
757,4.886876106262207,10.553145408630371
758,-4.495504856109619,9.861985206604004
759,5.759235382080078,-3.703068256378174
760,-4.618797779083252,2.6772117614746094
761,5.745106220245361,-3.773670196533203
762,5.752749443054199,-3.738719940185547
763,-6.443639278411865,-5.310094356536865
764,-3.3683412075042725,9.962332725524902
765,-7.147125244140625,5.842429161071777
766,-6.8128743171691895,-5.3391804695129395
767,5.52024507522583,9.483492851257324
768,-3.7370269298553467,1.5235439538955688
769,-4.87801456451416,2.8209073543548584
770,4.863638401031494,10.406198501586914
771,-7.149357318878174,5.851822853088379
772,14.54977035522461,1.8940116167068481
773,-3.838738203048706,1.7411088943481445
774,-7.130131721496582,5.8361687660217285
775,-4.300892353057861,2.4938387870788574
776,15.476472854614258,1.7295653820037842
777,-7.2296929359436035,2.5606439113616943
778,6.448834419250488,-3.728628158569336
779,-1.0673924684524536,0.6664464473724365
780,5.6995439529418945,9.567778587341309
781,-6.324166297912598,-4.671304702758789
782,2.0242021083831787,-13.229178428649902
783,-3.837444305419922,9.311967849731445
784,-5.244422912597656,2.07307505607605
785,-0.541993260383606,-2.917246103286743
786,15.299342155456543,1.3606206178665161
787,-7.241501331329346,2.663113832473755
788,6.451289176940918,-3.9095492362976074
789,-0.8895968794822693,0.7185894846916199
790,5.757259368896484,9.645587921142578
791,-6.900663375854492,-5.130177021026611
792,2.083449363708496,-13.14135456085205
793,-3.2342007160186768,9.662195205688477
794,-7.287145137786865,4.0157928466796875
795,-1.2593899965286255,-3.4407947063446045
796,15.280550003051758,1.9956750869750977
797,-6.765446662902832,2.802711009979248
798,6.524604320526123,-3.6415023803710938
799,-0.5959742069244385,0.561054527759552
800,5.574003219604492,9.521132469177246
801,-6.872732162475586,-5.118631362915039
802,1.630461573600769,-13.570316314697266
803,-3.157442808151245,9.58774471282959
804,-4.788511276245117,2.653782606124878
805,-0.44586288928985596,-2.826293706893921
806,15.182395935058594,1.7052826881408691
807,-1.1851192712783813,-3.4564368724823
808,-6.254250526428223,-4.63756799697876
809,-6.631083965301514,-5.211194038391113
810,2.1206748485565186,-12.847969055175781
811,-6.367433547973633,-4.717165946960449
812,15.173463821411133,1.8923388719558716
813,0.09021974354982376,-0.8182904720306396
814,-3.583862781524658,1.2284437417984009
815,-1.1620869636535645,-3.4341683387756348
816,-3.8619577884674072,0.7758806943893433
817,6.098251819610596,10.409965515136719
818,-5.925086498260498,2.6466667652130127
819,-2.8761420249938965,9.502918243408203
820,-3.8777313232421875,9.388940811157227
821,-0.5794278383255005,0.8005907535552979
822,-6.305558681488037,-4.803778648376465
823,-6.07371711730957,2.5433664321899414
824,14.58971881866455,1.5503112077713013
825,14.934946060180664,1.85462486743927
826,6.097033500671387,-3.8812272548675537
827,6.959279537200928,-3.8699188232421875
828,-2.824704170227051,9.359713554382324
829,-3.7782392501831055,0.848749577999115
830,6.428014278411865,-3.5832483768463135
831,14.659831047058105,2.217594861984253
832,-11.229272842407227,-16.348047256469727
833,6.850963115692139,-4.612043380737305
834,0.7740432620048523,-13.15137004852295
835,-0.6733687520027161,0.8080266118049622
836,-0.6179811954498291,0.9568087458610535
837,-3.3960816860198975,9.510607719421387
838,-0.2476302683353424,1.157150387763977
839,-0.5051670074462891,1.3799692392349243
840,5.578249931335449,9.60888671875
841,1.53867769241333,-13.345585823059082
842,2.0941858291625977,-12.789112091064453
843,1.969315767288208,-13.313657760620117
844,5.603940010070801,9.46165657043457
845,-0.5164183378219604,-2.8121719360351562
846,-6.180270671844482,2.8740992546081543
847,-6.246861934661865,-4.615540981292725
848,14.132645606994629,1.7636891603469849
849,-1.1642563343048096,-2.7873191833496094
850,-6.299152374267578,-4.686198711395264
851,6.587149620056152,-3.606759548187256
852,-4.516054153442383,2.2203235626220703
853,6.919416904449463,-3.885471820831299
854,13.917617797851562,1.833792805671692
855,15.321260452270508,1.5014911890029907
856,-6.2909746170043945,2.2758429050445557
857,-3.3968124389648438,9.438074111938477
858,1.84178626537323,-12.477947235107422
859,-0.3724638819694519,1.0669246912002563
860,5.562499523162842,-4.3538818359375
861,-6.333431243896484,2.6340818405151367
862,-4.01824426651001,9.9981107711792
863,6.447903156280518,10.800625801086426
864,1.703079342842102,-13.560315132141113
865,-0.8946574330329895,0.5115920305252075
866,-6.692943096160889,2.4548184871673584
867,-0.6271673440933228,0.48886504769325256
868,-1.157232642173767,-3.508930206298828
869,-6.619644641876221,2.3908097743988037
870,-2.8915820121765137,9.443002700805664
871,1.9211251735687256,-12.90449047088623
872,-5.167699813842773,2.112846851348877
873,5.634356498718262,9.4703369140625
874,-0.8418147563934326,0.45744362473487854
875,-6.757794380187988,2.7592504024505615
876,6.765623569488525,10.653823852539062
877,15.293475151062012,1.8134677410125732
878,-6.1930365562438965,-4.6363139152526855
879,-0.5156559944152832,1.3107054233551025
880,0.7557733654975891,-13.305608749389648
881,-0.3732551336288452,-2.8714263439178467
882,1.8677998781204224,-12.022250175476074
883,-6.354876518249512,2.8491413593292236
884,-3.250007152557373,9.445886611938477
885,-6.79831600189209,-5.226929664611816
886,5.530307769775391,9.461328506469727
887,6.074420928955078,10.443788528442383
888,-3.3781590461730957,9.453169822692871
889,6.799164295196533,-3.7592787742614746
890,-3.9057414531707764,0.8190438747406006
891,-0.33675453066825867,2.2226953506469727
892,5.850121974945068,-3.6951804161071777
893,-6.039213180541992,-4.5414509773254395
894,-2.638688087463379,9.85338306427002
895,-1.1115899085998535,-3.5011191368103027
896,-6.827726364135742,-5.105088233947754
897,5.75004243850708,9.590043067932129
898,-3.846412420272827,0.8086437582969666
899,-1.640241265296936,0.331546425819397
900,6.750238418579102,10.673429489135742
901,-1.201433539390564,-3.4202065467834473
902,14.813933372497559,1.8545801639556885
903,-3.8705856800079346,0.8617092967033386
904,-0.8925286531448364,-3.6055805683135986
905,-5.543071746826172,2.1517741680145264
906,-11.300004005432129,-16.2790470123291
907,6.178575038909912,-4.091960906982422
908,-0.4943833649158478,0.041376322507858276
909,6.188571453094482,10.809765815734863
910,-4.951109409332275,-4.169580936431885
911,1.9479361772537231,-12.012261390686035
912,-4.243356227874756,8.810566902160645
913,-3.710432529449463,1.8459651470184326
914,-0.24928677082061768,-2.8111443519592285
915,15.421143531799316,1.4221608638763428
916,-11.267012596130371,-16.31232261657715
917,6.96708869934082,-4.214406490325928
918,-0.7528941631317139,0.2030516415834427
919,6.287360668182373,10.902182579040527
920,-4.328411102294922,-4.007091522216797
921,1.900863528251648,-11.935911178588867
922,-3.9249393939971924,8.883891105651855
923,-3.6540420055389404,1.7043392658233643
924,-0.7290036082267761,-2.6333670616149902
925,15.382481575012207,1.4314790964126587
926,-11.28038501739502,-16.297677993774414
927,6.2020416259765625,-4.387129306793213
928,-0.9846670627593994,0.18393011391162872
929,5.971883296966553,11.042946815490723
930,-4.078705310821533,-4.001051425933838
931,2.1523542404174805,-12.169694900512695
932,-4.261497974395752,8.77925968170166
933,-3.578657388687134,1.8803266286849976
934,-0.5370848178863525,-2.6547932624816895
935,14.893401145935059,1.5048391819000244
936,-0.8368041515350342,-3.420177936553955
937,-4.149730205535889,-4.034785270690918
938,-4.59059476852417,-4.0527472496032715
939,1.752913236618042,-12.355128288269043
940,-4.135432243347168,-4.017623424530029
941,15.486198425292969,1.5350141525268555
942,-0.8058215379714966,-2.6027610301971436
943,-3.6980414390563965,1.710340976715088
944,-0.5513578653335571,-2.960259199142456
945,-3.791285753250122,1.489559292793274
946,5.478113651275635,11.037419319152832
947,-11.390195846557617,-16.189260482788086
948,-3.850344657897949,8.944642066955566
949,-4.323251247406006,8.923115730285645
950,-0.9623367190361023,0.15701806545257568
951,-4.087035179138184,-3.9924097061157227
952,-11.415946960449219,-16.168027877807617
953,6.280363082885742,-4.707324981689453
954,-3.9470629692077637,8.928460121154785
955,-3.5303902626037598,1.505730152130127
956,5.760454177856445,-5.1795220375061035
957,15.335552215576172,1.4875292778015137
958,-11.377898216247559,-16.205480575561523
959,6.069317817687988,-4.922823905944824
960,1.9772617816925049,-12.019866943359375
961,-0.6416758894920349,0.24266715347766876
962,-0.5754237174987793,0.23618164658546448
963,-4.130496025085449,8.867429733276367
964,-0.4505581557750702,-0.12100251019001007
965,-0.7659445405006409,-0.01991799660027027
966,5.868381977081299,11.049154281616211
967,1.6819998025894165,-12.46323299407959
968,1.980322241783142,-12.301032066345215
969,1.982596755027771,-12.11925983428955
970,5.952598571777344,11.057300567626953
971,-0.30307579040527344,-2.809985637664795
972,-11.347184181213379,-16.233808517456055
973,-4.542150974273682,-4.062073707580566
974,15.461283683776855,1.4804662466049194
975,-0.505833089351654,-2.7177000045776367
976,-4.229053974151611,-4.028987884521484
977,5.716555118560791,-5.1518168449401855
978,-3.7844431400299072,1.6147457361221313
979,5.756700038909912,-5.139264106750488
980,15.533927917480469,1.7207835912704468
981,15.1541166305542,1.198599934577942
982,-11.411898612976074,-16.171417236328125
983,-3.8670241832733154,9.34986400604248
984,2.03594970703125,-12.214900016784668
985,-0.4371333420276642,-0.1506234109401703
986,6.481326103210449,-4.662686824798584
987,-11.30357551574707,-16.275550842285156
988,6.848897933959961,10.752408027648926
989,1.2338125705718994,-12.985289573669434
990,-0.40227213501930237,0.06533262133598328
991,-11.377646446228027,-16.20489501953125
992,-0.5701689124107361,-0.058606866747140884
993,-0.46073639392852783,-2.718660831451416
994,-11.361177444458008,-16.22022819519043
995,-4.1481523513793945,8.882508277893066
996,1.6663492918014526,-12.663432121276855
997,-3.6398892402648926,1.1069941520690918
998,5.797987937927246,11.08952522277832
999,-0.6004718542098999,0.4535387456417084
1000,-11.36091136932373,-16.22030258178711
1001,6.188024997711182,11.032015800476074
1002,15.40147590637207,1.5450726747512817
1003,-5.123656272888184,-4.214915752410889
1004,-0.6652032732963562,0.043978575617074966
1005,2.064225196838379,-12.310851097106934
1006,-0.6811491847038269,-2.6892969608306885
1007,2.0658488273620605,-12.559126853942871
1008,-11.38857650756836,-16.194002151489258
1009,-4.253644943237305,8.85107135772705
1010,-4.176947593688965,-4.009926795959473
1011,6.079568862915039,10.901904106140137
1012,5.4419264793396,11.101062774658203
1013,-3.8618216514587402,8.969484329223633
1014,6.03947114944458,-4.85066032409668
1015,-3.5735530853271484,1.8257540464401245
1016,5.713380813598633,-5.195760250091553
1017,6.631328582763672,-4.799051284790039
1018,-4.116222858428955,-4.010696887969971
1019,-4.084348201751709,8.899787902832031
1020,-0.577792227268219,-3.00162935256958
1021,-4.403985023498535,-4.255764007568359
1022,5.302011966705322,11.070741653442383
1023,5.21687650680542,10.939851760864258
1024,-0.7815417051315308,-2.310673952102661
1025,15.497909545898438,1.476423978805542
1026,-3.6345555782318115,1.281272292137146
1027,-0.7459774613380432,-2.665008306503296
1028,-3.7502267360687256,1.6793673038482666
1029,15.262832641601562,1.9276152849197388
1030,-6.111311435699463,2.784700632095337
1031,6.50778865814209,-3.989830255508423
1032,-0.15853480994701385,0.31179308891296387
1033,5.267619609832764,10.999639511108398
1034,-5.959201812744141,-4.952596664428711
1035,2.1466779708862305,-12.337939262390137
1036,-3.6941630840301514,9.146868705749512
1037,-4.420220375061035,2.739868402481079
1038,-1.0050783157348633,0.31690967082977295
1039,14.646625518798828,1.1711359024047852
1040,-6.166234016418457,2.8155646324157715
1041,5.901117324829102,-4.5252227783203125
1042,-0.09669148921966553,0.27573567628860474
1043,5.337188720703125,11.043761253356934
1044,-5.719290256500244,-4.452666759490967
1045,2.136195421218872,-12.7266206741333
1046,-3.830260753631592,9.044084548950195
1047,-4.221351623535156,2.787973165512085
1048,-0.777736246585846,-2.3004260063171387
1049,14.969125747680664,1.0801234245300293
1050,-7.098796844482422,2.5467119216918945
1051,5.667974948883057,-5.182636260986328
1052,-0.08077187836170197,0.5047983527183533
1053,5.366971969604492,11.000381469726562
1054,-5.003067493438721,-4.145722389221191
1055,1.7754801511764526,-12.418224334716797
1056,-3.614292860031128,9.159116744995117
1057,-3.87479567527771,2.2096610069274902
1058,-0.9831246733665466,-2.437446117401123
1059,15.148797035217285,1.3005304336547852
1060,-1.4769374132156372,-2.930872917175293
1061,-5.782750606536865,-4.894617557525635
1062,-5.973392963409424,-4.852573394775391
1063,0.8627467155456543,-13.295951843261719
1064,-5.9597554206848145,-4.918163299560547
1065,14.599788665771484,1.1970477104187012
1066,-0.7384774684906006,-2.335423707962036
1067,-3.723262310028076,2.0926764011383057
1068,-1.5113850831985474,-2.961434841156006
1069,-4.519638538360596,2.09521746635437
1070,5.492773056030273,11.093323707580566
1071,-6.028716087341309,2.764341354370117
1072,-3.670022964477539,9.054377555847168
1073,-3.764265775680542,9.014915466308594
1074,-0.08407571911811829,0.9109483361244202
1075,-5.388399600982666,-4.391263008117676
1076,-6.768425464630127,2.4342703819274902
1077,14.857707023620605,1.1975791454315186
1078,15.058379173278809,1.1663110256195068
1079,-3.620649576187134,9.093768119812012
1080,-4.281481742858887,2.8083975315093994
1081,5.568655014038086,-5.162461757659912
1082,15.143731117248535,0.9455466866493225
1083,-6.2845458984375,2.393890142440796
1084,5.683182239532471,-5.135928153991699
1085,0.8061992526054382,-12.707457542419434
1086,0.013671459630131721,0.5749316215515137
1087,-0.05350681394338608,0.9635484218597412
1088,-3.5882694721221924,9.044386863708496
1089,-0.03015631064772606,0.6005954742431641
1090,-0.04924865439534187,0.6458827257156372
1091,5.169640064239502,10.923891067504883
1092,1.5497746467590332,-12.024385452270508
1093,1.3162387609481812,-13.190987586975098
1094,1.3751918077468872,-12.69105339050293
1095,4.894660949707031,10.610274314880371
1096,-0.8278989195823669,-2.3386261463165283
1097,-7.10896110534668,2.5309882164001465
1098,-5.116387844085693,-4.543503284454346
1099,15.117945671081543,1.4801284074783325
1100,-4.2897186279296875,2.9580180644989014
1101,-6.3389482498168945,-5.027216911315918
1102,5.995103359222412,-5.16445255279541
1103,-3.8047943115234375,2.244344711303711
1104,5.469007968902588,-5.29128885269165
1105,15.082357406616211,0.9958907961845398
1106,15.083331108093262,0.9484427571296692
1107,-6.585576057434082,2.3402087688446045
1108,-2.9800233840942383,9.815887451171875
1109,0.6582021117210388,-12.829980850219727
1110,-0.09754808247089386,0.3845779299736023
1111,6.278501510620117,-4.821295261383057
1112,-7.153300762176514,2.634140968322754
1113,-3.5455126762390137,9.071625709533691
1114,5.238514423370361,11.00981616973877
1115,1.6012717485427856,-12.037220001220703
1116,-0.14895616471767426,0.4037475287914276
1117,-6.09652042388916,2.840440511703491
1118,-4.271378993988037,9.638801574707031
1119,-0.7522014379501343,-2.321582794189453
1120,-6.52174186706543,2.773054599761963
1121,-3.748626708984375,8.983766555786133
1122,1.5492411851882935,-12.899932861328125
1123,-3.905466079711914,2.3462793827056885
1124,5.12069845199585,10.856815338134766
1125,0.0007142621325328946,0.4371738135814667
1126,-6.6496710777282715,2.3372092247009277
1127,5.3542585372924805,10.780243873596191
1128,15.21023941040039,1.7867748737335205
1129,-5.555262088775635,-4.949292182922363
1130,-0.03773967921733856,0.5630707144737244
1131,0.5421849489212036,-12.632391929626465
1132,-0.7097498178482056,-3.0810539722442627
1133,1.9115450382232666,-12.613823890686035
1134,-6.645585536956787,2.343961477279663
1135,-3.164905548095703,10.093649864196777
1136,-4.959901809692383,-4.694561958312988
1137,5.8727030754089355,10.648359298706055
1138,5.2296271324157715,10.939985275268555
1139,-3.2070815563201904,9.388666152954102
1140,6.588634014129639,-4.808007717132568
1141,-4.337775230407715,2.8585457801818848
1142,5.933169841766357,-4.688953399658203
1143,5.59409761428833,-5.269347190856934
1144,-6.060315132141113,-4.951603412628174
1145,-3.6481988430023193,9.078121185302734
1146,-0.8909155130386353,-3.112318754196167
1147,-5.098465442657471,-4.853498935699463
1148,5.5963544845581055,10.649316787719727
1149,-3.6712169647216797,2.1245806217193604
1150,-4.28314733505249,2.1993865966796875
1151,5.1945481300354,10.706159591674805
1152,-0.7684624791145325,-2.2494590282440186
1153,15.072479248046875,1.1665047407150269
1154,-4.1942338943481445,2.519228219985962
1155,-0.8222209215164185,-3.0882062911987305
1156,-4.014867782592773,2.425926685333252
1157,14.908224105834961,1.7415823936462402
1158,-7.233817100524902,3.900139331817627
1159,6.538861274719238,-3.830902099609375
1160,-0.2629779875278473,0.48071298003196716
1161,5.583011627197266,10.579453468322754
1162,-4.793888092041016,-4.739100933074951
1163,2.2169713973999023,-12.320162773132324
1164,-2.7513136863708496,10.064140319824219
1165,-3.5478286743164062,1.707482099533081
1166,-1.2974014282226562,-2.592797040939331
1167,15.3029146194458,2.1079673767089844
1168,-7.2780938148498535,4.054083824157715
1169,6.099538803100586,-4.357921123504639
1170,-0.1455317884683609,1.0321670770645142
1171,6.3991594314575195,10.847983360290527
1172,-4.888712406158447,-4.685654640197754
1173,0.8841018080711365,-12.427352905273438
1174,-3.829638719558716,9.88730239868164
1175,-4.830560207366943,2.9041686058044434
1176,-0.17498502135276794,-2.993382453918457
1177,15.069572448730469,1.8737335205078125
1178,-6.887856960296631,2.671867609024048
1179,5.721983432769775,-3.8253493309020996
1180,-0.030278624966740608,0.6186806559562683
1181,5.280535697937012,9.763293266296387
1182,-6.898674964904785,-5.163068771362305
1183,1.3341747522354126,-12.949505805969238
1184,-4.292720317840576,9.974971771240234
1185,-4.7631635665893555,2.870225429534912
1186,-1.3357802629470825,-2.6193718910217285
1187,15.2493896484375,2.3834431171417236
1188,-1.105936050415039,-2.7714316844940186
1189,-5.078481197357178,-4.514945030212402
1190,-5.850951194763184,-4.497316837310791
1191,1.335489273071289,-12.817100524902344
1192,-6.301278591156006,-4.7275166511535645
1193,15.046067237854004,2.2697434425354004
1194,-1.2667487859725952,-2.945605516433716
1195,-4.301291465759277,2.934803009033203
1196,-1.0917153358459473,-2.8339755535125732
1197,-4.507145881652832,2.892686128616333
1198,6.280418872833252,10.861157417297363
1199,-6.378129959106445,2.842365026473999
1200,-2.705413341522217,9.935869216918945
1201,-2.9900403022766113,10.085125923156738
1202,-1.4628729820251465,2.1939802169799805
1203,-4.950922012329102,-4.85942268371582
1204,-7.171406269073486,3.4580488204956055
1205,14.959728240966797,2.277076244354248
1206,15.081754684448242,2.3273098468780518
1207,5.697606086730957,-4.271829128265381
1208,5.790155410766602,-3.744746446609497
1209,-3.2190585136413574,9.943682670593262
1210,-4.358992576599121,2.9970271587371826
1211,6.412812232971191,-3.6865506172180176
1212,15.217870712280273,2.3750181198120117
1213,-7.3224077224731445,2.476306915283203
1214,6.077613830566406,-4.096468448638916
1215,1.5787512063980103,-13.607476234436035
1216,0.01779223419725895,0.8123933672904968
1217,-0.6112480759620667,1.4642387628555298
1218,-2.813828468322754,10.081042289733887
1219,-0.3600447475910187,1.659424066543579
1220,-0.05286543443799019,1.0758593082427979
1221,6.640625953674316,10.638980865478516
1222,1.3544076681137085,-13.074077606201172
1223,0.9374220967292786,-12.73748779296875
1224,0.9322986602783203,-12.747081756591797
1225,5.732058048248291,10.649033546447754
1226,-0.649085283279419,-3.236363649368286
1227,-6.568078517913818,2.3342034816741943
1228,-6.465341567993164,-5.292753219604492
1229,15.253156661987305,2.393115520477295
1230,-1.3574299812316895,-2.9314584732055664
1231,-4.962277412414551,-4.740319728851318
1232,6.056889533996582,-4.0956525802612305
1233,-4.27599573135376,2.870124340057373
1234,5.676611423492432,-4.350972652435303
1235,15.26800537109375,2.4208505153656006
1236,15.23120403289795,2.3580610752105713
1237,-7.138312339782715,2.5656394958496094
1238,-2.685786008834839,9.968676567077637
1239,1.496311068534851,-12.936262130737305
1240,-0.5291907787322998,1.6881847381591797
1241,6.101354598999023,-3.883589506149292
1242,-7.03524923324585,2.965623617172241
1243,-2.7468671798706055,9.830171585083008
1244,6.117953777313232,10.59701156616211
1245,1.330373764038086,-13.180285453796387
1246,-0.37704363465309143,1.5487598180770874
1247,-6.634463787078857,2.355273485183716
1248,-0.3482923209667206,0.5853590965270996
1249,-1.1904270648956299,-2.8943817615509033
1250,-6.588401794433594,2.377410411834717
1251,-3.2237842082977295,9.78123664855957
1252,1.350784182548523,-13.1084623336792
1253,-4.263447284698486,2.7745985984802246
1254,5.946325778961182,10.449073791503906
1255,-0.27973249554634094,0.6203740239143372
1256,-6.569807052612305,2.2609448432922363
1257,6.312673091888428,10.476120948791504
1258,14.773595809936523,1.7832975387573242
1259,-6.91483211517334,-5.130688190460205
1260,-0.5002276301383972,1.7312785387039185
1261,1.0748276710510254,-12.84437370300293
1262,-1.2141889333724976,-3.131948471069336
1263,1.3270468711853027,-13.279397010803223
1264,-6.673399448394775,2.252272129058838
1265,-2.714430570602417,10.025019645690918
1266,-6.900874137878418,-5.1461405754089355
1267,6.448320388793945,10.532382011413574
1268,5.755779266357422,10.616371154785156
1269,-4.18979549407959,10.011771202087402
1270,6.541844844818115,-3.545952558517456
1271,-5.104509353637695,2.229640483856201
1272,6.357891082763672,-3.6858956813812256
1273,5.945278167724609,-4.0311384201049805
1274,-6.739233493804932,-5.366623401641846
1275,-4.005885124206543,10.047781944274902
1276,-1.3206279277801514,-2.9934444427490234
1277,-6.477376937866211,-5.162624359130859
1278,6.186381816864014,10.543293952941895
1279,-4.7725510597229,2.9247565269470215
1280,-4.395557880401611,2.7353572845458984
1281,5.241966247558594,10.390119552612305
1282,-0.8658362627029419,-3.3591949939727783
1283,15.271218299865723,2.4060494899749756
1284,-4.557181358337402,2.665832996368408
1285,-1.3987501859664917,-2.9522972106933594
1286,-4.414107322692871,2.699075937271118
1287,15.05317211151123,1.1919840574264526
1288,-7.767955780029297,4.835577011108398
1289,5.5442657470703125,-5.160279750823975
1290,-0.36424586176872253,1.0209606885910034
1291,6.842405796051025,10.761122703552246
1292,-4.4983720779418945,-4.340661525726318
1293,1.0824897289276123,-13.542399406433105
1294,-2.6165037155151367,9.818900108337402
1295,-4.726581573486328,2.5904879570007324
1296,-0.7324733138084412,-2.745100975036621
1297,14.566315650939941,1.770235538482666
1298,-6.976433753967285,2.9458835124969482
1299,5.531391620635986,-5.357546329498291
1300,-0.08088158816099167,1.014581322669983
1301,6.839208126068115,10.769055366516113
1302,-4.85532808303833,-4.459054470062256
1303,1.0610768795013428,-13.539421081542969
1304,-3.832489252090454,9.577702522277832
1305,-4.9219818115234375,2.6957569122314453
1306,-0.9912451505661011,-2.9341554641723633
1307,14.422965049743652,1.511265516281128
1308,-7.283380031585693,4.873964309692383
1309,5.425957202911377,-5.321722030639648
1310,-0.8890760540962219,0.13931001722812653
1311,6.813587188720703,10.756159782409668
1312,-5.065404415130615,-4.857815265655518
1313,1.2399429082870483,-13.424837112426758
1314,-3.470885753631592,9.795998573303223
1315,-4.595274448394775,2.706425428390503
1316,-1.0943690538406372,-2.9058454036712646
1317,14.917922973632812,0.8928720355033875
1318,-1.1253477334976196,-3.155548572540283
1319,-5.073670864105225,-4.753118991851807
1320,-5.147956371307373,-4.806357383728027
1321,1.2349915504455566,-13.419076919555664
1322,-5.495160102844238,-4.361611366271973
1323,13.933084487915039,1.7858383655548096
1324,-1.0349373817443848,-3.0868849754333496
1325,-4.613122940063477,2.491177558898926
1326,-1.2413283586502075,-2.6747970581054688
1327,-4.862825393676758,2.427844524383545
1328,6.7861409187316895,10.748464584350586
1329,-7.208195209503174,2.3850581645965576
1330,-4.039722919464111,9.25637149810791
1331,-3.33560848236084,9.873390197753906
1332,-0.2528458833694458,0.5506178140640259
1333,-5.199904918670654,-4.677426338195801
1334,-7.265007019042969,2.5476746559143066
1335,14.266217231750488,1.668768286705017
1336,14.163117408752441,1.5886452198028564
1337,5.447185039520264,-5.327853679656982
1338,5.376220226287842,-5.462312698364258
1339,-3.5238518714904785,9.70182991027832
1340,-4.748509407043457,2.735443353652954
1341,5.399078369140625,-5.506626129150391
1342,14.73552131652832,2.1895439624786377
1343,-7.479434967041016,4.5102219581604
1344,5.492848873138428,-5.309078216552734
1345,1.5213234424591064,-13.58149242401123
1346,-0.527632474899292,1.3192124366760254
1347,-0.1346995234489441,0.8284329175949097
1348,-2.699521541595459,10.018925666809082
1349,-0.007716895546764135,0.7022990584373474
1350,-0.048358503729104996,0.611487090587616
1351,6.766603946685791,10.774124145507812
1352,1.6051738262176514,-13.561877250671387
1353,1.6086865663528442,-13.592424392700195
1354,1.4028042554855347,-13.493390083312988
1355,6.521813869476318,10.532926559448242
1356,-0.32263126969337463,-2.8699774742126465
1357,-7.043683052062988,2.6514511108398438
1358,-4.903043746948242,-4.768032550811768
1359,15.127852439880371,2.0189208984375
1360,-1.1301864385604858,-3.070349931716919
1361,1.2131069898605347,-12.363265991210938
1362,5.979984760284424,-4.9295477867126465
1363,-4.885415554046631,2.1935856342315674
1364,5.385115623474121,-5.521302700042725
1365,15.25001335144043,1.9869208335876465
1366,14.455058097839355,1.6238055229187012
1367,-7.283651828765869,4.046848773956299
1368,-2.8797965049743652,10.094745635986328
1369,1.1926138401031494,-13.409733772277832
1370,-0.3882952928543091,0.6991832256317139
1371,5.759090423583984,-5.125597953796387
1372,-7.229757785797119,2.606017827987671
1373,-2.82066011428833,9.456838607788086
1374,6.507132053375244,10.530868530273438
1375,1.210851788520813,-13.406485557556152
1376,-0.6238490343093872,1.5493597984313965
1377,-7.298852443695068,2.5085091590881348
1378,-0.48577407002449036,0.4409889876842499
1379,-0.7582128047943115,-2.8310840129852295
1380,-7.183408737182617,2.5718586444854736
1381,-4.034226417541504,9.46745491027832
1382,1.2090556621551514,-13.527009963989258
1383,-4.348200798034668,2.7309701442718506
1384,6.7968902587890625,10.767284393310547
1385,-0.08967771381139755,0.6979013085365295
1386,-6.952528953552246,2.373063564300537
1387,5.8768630027771,10.505783081054688
1388,14.295757293701172,1.5511889457702637
1389,-5.553706169128418,-4.907386779785156
1390,-0.2755466103553772,0.5839160084724426
1391,1.1580570936203003,-13.521336555480957
1392,-1.1374684572219849,-3.3054893016815186
1393,1.6261154413223267,-13.572413444519043
1394,-6.950469493865967,2.341784715652466
1395,-3.1275110244750977,9.488518714904785
1396,-5.748537063598633,-4.691654682159424
1397,6.370466709136963,10.70883560180664
1398,6.319666385650635,10.63770866394043
1399,-4.267267227172852,9.755956649780273
1400,5.528140544891357,-5.325364589691162
1401,-4.494142055511475,2.4927175045013428
1402,5.670537948608398,-5.19498872756958
1403,5.65297794342041,-5.197259902954102
1404,-4.793310165405273,-4.740940093994141
1405,-3.3588552474975586,9.903924942016602
1406,-1.2132951021194458,-3.200692653656006
1407,-5.384405612945557,-4.263606071472168
1408,6.203511714935303,10.623580932617188
1409,-5.071606636047363,2.6409549713134766
1410,-4.849539756774902,2.7953927516937256
1411,6.498737335205078,10.524925231933594
1412,-1.1484334468841553,-3.4011478424072266
1413,13.99164867401123,1.699188232421875
1414,-4.4227294921875,2.735112428665161
1415,15.386215209960938,1.4794530868530273
1416,-7.743330955505371,4.828852653503418
1417,6.8009514808654785,-4.57167911529541
1418,-1.0670660734176636,0.22616970539093018
1419,5.173731327056885,9.564559936523438
1420,-4.745952606201172,-4.105524063110352
1421,2.0853512287139893,-12.667722702026367
1422,-4.387742519378662,8.93704605102539
1423,-3.6301021575927734,1.1721012592315674
1424,-0.8856349587440491,-3.39158034324646
1425,14.720643043518066,1.0345096588134766
1426,-7.7245941162109375,4.913758277893066
1427,6.8745269775390625,-4.559889316558838
1428,-0.9749066829681396,0.1715863198041916
1429,5.508940696716309,9.474458694458008
1430,-4.445012092590332,-4.217116355895996
1431,2.1490941047668457,-12.667316436767578
1432,-4.461236953735352,8.934080123901367
1433,-3.637080430984497,1.238555908203125
1434,-0.8007757663726807,-3.5378737449645996
1435,15.421056747436523,1.5661208629608154
1436,-7.571174621582031,4.690091133117676
1437,6.77049446105957,-4.674530506134033
1438,-1.0152825117111206,0.46820709109306335
1439,5.2650909423828125,9.599491119384766
1440,-4.142819404602051,-4.12268590927124
1441,2.1669249534606934,-12.412812232971191
1442,-4.368039131164551,8.896391868591309
1443,-3.600813865661621,1.2721033096313477
1444,-0.7968255281448364,-3.154996395111084
1445,14.951001167297363,1.1462810039520264
1446,-0.9110901355743408,-3.1200056076049805
1447,-4.469745635986328,-4.226178169250488
1448,-4.48223352432251,-4.252140522003174
1449,1.6413992643356323,-12.512139320373535
1450,-4.456050395965576,-4.263755798339844
1451,14.908268928527832,1.1846107244491577
1452,-0.8595559000968933,-3.5015885829925537
1453,-3.7326362133026123,1.210639238357544
1454,-0.8026085495948792,-3.3915348052978516
1455,-3.730747938156128,1.1422227621078491
1456,5.828645706176758,10.033371925354004
1457,-7.628864765167236,4.927367687225342
1458,-4.1747307777404785,8.95900821685791
1459,-4.240035057067871,8.944512367248535
1460,-0.49269893765449524,0.6452038884162903
1461,-4.4184393882751465,-4.012632846832275
1462,-7.559762001037598,5.000261306762695
1463,15.077502250671387,1.3170924186706543
1464,15.04408073425293,1.2400572299957275
1465,6.458905220031738,-4.841364860534668
1466,6.782899856567383,-4.699921131134033
1467,-4.478196620941162,9.220282554626465
1468,-3.817906618118286,0.8134483695030212
1469,6.724615097045898,-4.766724109649658
1470,14.939916610717773,0.93344646692276
1471,-7.744791507720947,4.936035633087158
1472,6.786163330078125,-4.726014137268066
1473,2.1535532474517822,-12.652962684631348
1474,-0.9771130084991455,0.1735968291759491
1475,-0.5532484650611877,0.2446785718202591
1476,-4.26844596862793,9.016542434692383
1477,-0.9183309674263,0.17662736773490906
1478,-0.4559875726699829,0.4614790081977844
1479,5.4303460121154785,9.508416175842285
1480,2.1022145748138428,-12.425140380859375
1481,2.015054225921631,-12.003628730773926
1482,1.705865740776062,-12.512956619262695
1483,5.401209354400635,9.620795249938965
1484,-0.5960549712181091,-3.0706639289855957
1485,-7.702581405639648,4.913715362548828
1486,-4.474121570587158,-4.296413421630859
1487,14.69981861114502,0.9639739990234375
1488,-0.8185239434242249,-3.3107714653015137
1489,-4.908178329467773,-4.685069561004639
1490,6.728759288787842,-4.739423751831055
1491,-3.7303850650787354,0.9444876909255981
1492,6.71277379989624,-4.796003341674805
1493,14.862748146057129,0.9327462911605835
1494,15.161487579345703,1.356168270111084
1495,-7.717589378356934,4.94917631149292
1496,-4.181116580963135,9.255578994750977
1497,2.1657159328460693,-12.737615585327148
1498,-0.6563163995742798,0.3340970575809479
1499,6.962493896484375,-4.071605682373047
1500,-7.739762783050537,4.841864109039307
1501,-4.0811004638671875,9.082655906677246
1502,5.575963497161865,9.592477798461914
1503,2.064668893814087,-12.754674911499023
1504,-0.7765763998031616,0.7402045726776123
1505,-7.538593292236328,4.685477256774902
1506,-0.5212519764900208,0.5841594934463501
1507,-0.9397054314613342,-3.4492712020874023
1508,-7.722716331481934,4.946417808532715
1509,-4.250849723815918,8.964046478271484
1510,1.905543565750122,-12.713849067687988
1511,-3.7626090049743652,0.9188916683197021
1512,5.237782001495361,9.635275840759277
1513,-0.32046687602996826,0.26116862893104553
1514,-7.685488700866699,4.979679584503174
1515,5.296651363372803,9.659902572631836
1516,14.995311737060547,1.1615992784500122
1517,-4.410618782043457,-4.006662368774414
1518,-0.8158217668533325,0.46283403038978577
1519,1.881613850593567,-12.748798370361328
1520,-0.7652614712715149,-3.2067723274230957
1521,1.3820090293884277,-12.891923904418945
1522,-7.695610523223877,4.963403701782227
1523,-4.376136302947998,8.809601783752441
1524,-4.157415866851807,-3.9994494915008545
1525,5.457553386688232,9.533515930175781
1526,5.008858680725098,9.837512016296387
1527,-4.388601779937744,9.018314361572266
1528,6.610217094421387,-4.793545722961426
1529,-3.7888295650482178,0.8519093990325928
1530,5.689899444580078,-4.5827555656433105
1531,6.677063941955566,-4.828089237213135
1532,-4.653800964355469,-4.362765312194824
1533,-4.341597080230713,8.882624626159668
1534,-1.022416353225708,-3.085052728652954
1535,-5.036776542663574,-4.329713821411133
1536,5.42775297164917,9.509791374206543
1537,-3.768313407897949,0.8769546747207642
1538,-3.756718158721924,0.9719241857528687
1539,5.73661470413208,9.668123245239258
1540,-0.8264101147651672,-3.5926876068115234
1541,15.292186737060547,1.591612696647644
1542,-3.799051523208618,0.8655815720558167
1543,-0.9401041269302368,-3.532651424407959
1544,-3.7493650913238525,0.9545443058013916
1545,14.14279842376709,1.6955584287643433
1546,-7.144177436828613,2.592738628387451
1547,5.940942287445068,-4.640890598297119
1548,-0.49516257643699646,1.4523345232009888
1549,5.2531538009643555,10.646100044250488
1550,-6.640929698944092,-5.228318214416504
1551,1.0487852096557617,-13.51345443725586
1552,-2.4318687915802,9.839767456054688
1553,-6.775899410247803,2.834696054458618
1554,-7.177075386047363,5.8254499435424805
1555,14.11812686920166,1.5969932079315186
1556,-6.607112407684326,2.360288143157959
1557,5.430301189422607,-5.515636444091797
1558,-0.25685280561447144,1.3159464597702026
1559,5.316070079803467,10.598464012145996
1560,-6.551982402801514,-5.279490947723389
1561,1.0561144351959229,-13.498527526855469
1562,-7.149550437927246,5.903475284576416
1563,14.21677303314209,1.76943838596344
1564,-6.566120624542236,2.27607798576355
1565,5.91065788269043,-5.198296546936035
1566,-0.6055630445480347,1.523114800453186
1567,5.042746543884277,10.308297157287598
1568,-6.053080081939697,-4.854465484619141
1569,0.5218797326087952,-13.06545639038086
1570,-2.5065977573394775,9.860567092895508
1571,-5.168779373168945,2.901632308959961
1572,-7.1702680587768555,5.926023960113525
1573,13.896327018737793,1.7236939668655396
1574,-7.140573501586914,5.8950419425964355
1575,-6.234183311462402,-4.781611919403076
1576,-6.927758693695068,-5.185989856719971
1577,1.2816623449325562,-13.536162376403809
1578,-6.68895149230957,-5.192493438720703
1579,14.719732284545898,1.6157559156417847
1580,-4.909090042114258,7.20064115524292
1581,-4.727755069732666,2.4918830394744873
1582,-6.213623046875,-4.776333332061768
1583,-4.719915390014648,1.7127646207809448
1584,5.463012218475342,10.40042781829834
1585,-7.345937252044678,2.4736437797546387
1586,-3.1420352458953857,9.69497299194336
1587,-2.616055727005005,9.688478469848633
1588,-1.4684027433395386,2.206559896469116
1589,-6.912199020385742,-5.298349380493164
1590,-7.068317890167236,2.4063432216644287
1591,13.924062728881836,1.601073145866394
1592,14.988834381103516,1.9552710056304932
1593,5.3678131103515625,-5.551777362823486
1594,6.218063831329346,-4.578897953033447
1595,-2.627718925476074,9.714031219482422
1596,-4.6636786460876465,2.6817538738250732
1597,5.404698371887207,-5.507869243621826
1598,14.13525390625,1.497350811958313
1599,-6.599915027618408,2.2738547325134277
1600,5.820217609405518,-3.7436792850494385
1601,1.05335533618927,-13.506486892700195
1602,-1.4749480485916138,2.17114520072937
1603,-1.4963016510009766,2.23191499710083
1604,-2.7022995948791504,9.679465293884277
1605,-1.4508442878723145,2.2485873699188232
1606,-1.547701358795166,2.127107858657837
1607,5.0228166580200195,10.407367706298828
1608,0.7279741168022156,-13.138993263244629
1609,0.6544699668884277,-13.234781265258789
1610,1.0843600034713745,-13.464263916015625
1611,-2.2084295749664307,9.654662132263184
1612,-7.081071853637695,5.922743797302246
1613,-7.057227611541748,2.4571115970611572
1614,-6.721759796142578,-5.175024032592773
1615,13.895814895629883,1.5273832082748413
1616,-0.13270889222621918,-3.0789778232574463
1617,-5.4900803565979,-4.75020170211792
1618,5.414403915405273,-5.51020622253418
1619,-4.753168106079102,1.8730255365371704
1620,15.138935089111328,1.16304349899292
1621,-7.162071704864502,2.4181320667266846
1622,-2.820556163787842,9.710376739501953
1623,1.1264182329177856,-13.517256736755371
1624,-0.6402285695075989,1.5822747945785522
1625,6.570897579193115,-3.8467609882354736
1626,-7.279553413391113,2.4889354705810547
1627,-2.803389549255371,9.494102478027344
1628,-2.2461812496185303,9.663127899169922
1629,0.7981624603271484,-13.311705589294434
1630,-0.36872854828834534,1.51650869846344
1631,-7.367269039154053,2.4574618339538574
1632,-0.6416076421737671,1.408321738243103
1633,-4.870310306549072,7.2521772384643555
1634,-7.179855823516846,2.575140953063965
1635,-2.601036548614502,9.782302856445312
1636,1.1720784902572632,-13.213207244873047
1637,-4.704367637634277,1.9982813596725464
1638,5.556387424468994,10.366055488586426
1639,-0.5690240859985352,1.4524649381637573
1640,-7.324611186981201,2.489302635192871
1641,5.3198699951171875,10.525845527648926
1642,13.968245506286621,1.7074874639511108
1643,-6.162750244140625,-4.872652530670166
1644,-0.43152084946632385,1.4215753078460693
1645,0.6030281782150269,-13.242962837219238
1646,-0.2552341818809509,-3.1802446842193604
1647,0.7944508194923401,-13.070181846618652
1648,-7.329073905944824,2.494840621948242
1649,-3.29075288772583,9.719730377197266
1650,-6.395354747772217,-4.75505256652832
1651,5.275880336761475,10.562834739685059
1652,4.971933364868164,10.147521018981934
1653,-2.951632261276245,9.534385681152344
1654,6.628697872161865,-4.450250625610352
1655,5.509110927581787,-5.195731163024902
1656,-6.533120632171631,-5.229273319244385
1657,-2.7685139179229736,9.637578964233398
1658,-0.7413998246192932,1.2422882318496704
1659,-6.088836669921875,-4.894007205963135
1660,-2.1836485862731934,9.63090705871582
1661,5.4139909744262695,10.449342727661133
1662,-6.330055236816406,-4.815920829772949
1663,14.998430252075195,1.965535044670105
1664,-4.680026531219482,2.36580753326416
1665,-4.869412899017334,7.258825302124023
1666,-4.843494415283203,2.239360809326172
1667,14.676039695739746,1.143419623374939
1668,-6.018520355224609,2.351140260696411
1669,6.456359386444092,-4.66640567779541
1670,-1.1316860914230347,0.6928325295448303
1671,6.269683837890625,11.015883445739746
1672,-4.817530155181885,-4.403919696807861
1673,1.1665008068084717,-12.264514923095703
1674,-3.1990394592285156,10.08690357208252
1675,-4.387899875640869,2.22046160697937
1676,-0.7541180849075317,-2.6994566917419434
1677,14.595731735229492,1.0557397603988647
1678,-6.0464067459106445,2.70003604888916
1679,5.799428462982178,-3.762794256210327
1680,-1.2341868877410889,1.9314918518066406
1681,5.873163223266602,10.422074317932129
1682,-4.951461315155029,-4.496331214904785
1683,1.9057859182357788,-12.711679458618164
1684,-4.151638031005859,9.651140213012695
1685,-4.33479642868042,2.684570550918579
1686,-1.1930118799209595,-3.044564962387085
1687,14.487272262573242,1.160832405090332
1688,-6.164121627807617,2.2410383224487305
1689,5.801810264587402,-4.234046936035156
1690,-1.1298635005950928,0.962982714176178
1691,5.999744415283203,10.524205207824707
1692,-4.882391452789307,-4.419550895690918
1693,1.376071572303772,-12.338838577270508
1694,-3.1917669773101807,10.073461532592773
1695,-4.349586486816406,2.124474048614502
1696,-0.33828267455101013,-3.0472071170806885
1697,15.23707103729248,1.824230670928955
1698,-0.7939483523368835,-3.308120012283325
1699,-5.213532447814941,-4.546143054962158
1700,-5.098461627960205,-4.305073261260986
1701,1.536129355430603,-12.320133209228516
1702,-5.401757717132568,-4.297990798950195
1703,14.161945343017578,1.8312737941741943
1704,-0.8751317858695984,-3.525660753250122
1705,-3.9953248500823975,1.9166260957717896
1706,-0.9354941248893738,-3.4214999675750732
1707,-4.295280933380127,2.807858943939209
1708,5.845115661621094,10.51909065246582
1709,-5.929378509521484,2.429952621459961
1710,-4.148180961608887,9.07325267791748
1711,-4.335873126983643,9.930418968200684
1712,-1.3943240642547607,2.1363368034362793
1713,-4.937041759490967,-4.392052173614502
1714,-6.1162614822387695,2.6469061374664307
1715,14.557693481445312,1.333691954612732
1716,15.291794776916504,1.8383289575576782
1717,6.968384265899658,-4.057985305786133
1718,6.766489028930664,-4.668298244476318
1719,-3.2177517414093018,9.512990951538086
1720,-4.295988082885742,2.868781328201294
1721,6.912246227264404,-4.114902496337891
1722,14.350518226623535,1.7586954832077026
1723,-6.148246765136719,2.2863078117370605
1724,6.8252272605896,-4.638741493225098
1725,1.8360772132873535,-12.685378074645996
1726,-1.1845018863677979,1.9515784978866577
1727,-1.2835253477096558,2.022331953048706
1728,-3.389791488647461,9.362330436706543
1729,-1.1115487813949585,0.5654274821281433
1730,-1.3050436973571777,2.0498268604278564
1731,5.845613479614258,10.747579574584961
1732,0.6361234188079834,-12.556381225585938
1733,1.5918174982070923,-12.266467094421387
1734,1.5907130241394043,-11.93601131439209
1735,6.34037971496582,10.976573944091797
1736,-1.0667226314544678,-2.7861361503601074
1737,-6.0392045974731445,2.7399697303771973
1738,-4.982675552368164,-4.120434761047363
1739,14.645698547363281,1.3862814903259277
1740,-0.8784015774726868,-3.1735739707946777
1741,-4.893417835235596,-4.454108238220215
1742,6.247663974761963,-4.558237075805664
1743,-4.388139247894287,2.0642812252044678
1744,5.7407002449035645,-3.831608533859253
1745,14.93533706665039,1.7284470796585083
1746,14.513101577758789,1.132641315460205
1747,-5.890171051025391,2.6866118907928467
1748,-2.9455008506774902,9.379539489746094
1749,0.6341469287872314,-12.550206184387207
1750,-0.9527051448822021,1.7895251512527466
1751,5.824031829833984,-4.193906784057617
1752,-6.481253623962402,3.0544605255126953
1753,-3.093312978744507,9.434581756591797
1754,6.349874973297119,10.939985275268555
1755,0.6382705569267273,-12.806564331054688
1756,-0.571047842502594,1.5687074661254883
1757,-6.097691535949707,2.804539680480957
1758,-0.8018907308578491,0.7406986951828003
1759,-1.1508662700653076,-2.791520833969116
1760,-6.11929988861084,2.380028009414673
1761,-3.661315441131592,9.693535804748535
1762,0.9945603609085083,-12.323091506958008
1763,-4.82494592666626,2.364302635192871
1764,6.547150611877441,10.642203330993652
1765,-1.225531816482544,0.9472795724868774
1766,-6.003237724304199,2.720982074737549
1767,6.181935787200928,10.649042129516602
1768,14.090035438537598,1.4201788902282715
1769,-4.67689323425293,-4.170441150665283
1770,-0.7427670955657959,1.0820094347000122
1771,0.5507932901382446,-12.855804443359375
1772,-1.1763579845428467,-2.9216408729553223
1773,1.9139842987060547,-12.626524925231934
1774,-6.0014567375183105,2.7257394790649414
1775,-2.731052875518799,9.902894973754883
1776,-4.891016483306885,-4.540445327758789
1777,6.298826217651367,10.882651329040527
1778,6.5118608474731445,10.798860549926758
1779,-3.930799722671509,9.984259605407715
1780,6.412110328674316,-4.703703880310059
1781,-4.191308975219727,1.9871020317077637
1782,6.6866936683654785,-4.7839674949646
1783,6.800144195556641,-4.7039971351623535
1784,-4.9023566246032715,-4.530139923095703
1785,-2.978503942489624,9.431868553161621
1786,-0.5717505812644958,-3.470900058746338
1787,-4.624072074890137,-4.127810001373291
1788,6.419924736022949,10.776082992553711
1789,-4.8119916915893555,2.6866323947906494
1790,-5.91662073135376,2.797800302505493
1791,6.067036151885986,10.534821510314941
1792,-1.0072219371795654,-3.2935638427734375
1793,14.206768035888672,1.946373701095581
1794,-4.760110378265381,2.2241411209106445
1795,-1.4009753465652466,-2.629307746887207
1796,-4.05555534362793,1.9211704730987549
