,x,y,labels
0,-105.60278200285806,1681.2850056208515,10
1,179.89634345283628,-1723.8085732893628,10
2,125.22754474850743,-2217.298528682515,10
3,57.626013277227145,-2646.403839539832,10
4,96.58138357997554,-3109.184507756258,10
5,131.2596260974225,-3508.935606847239,10
6,255.14579047848284,-3781.542595503849,10
7,291.54605096088096,-4022.7347867164754,10
8,270.98462622219563,-4180.013519243457,10
9,353.9519378575333,-4157.501280170226,10
10,198.3427676242559,-4055.2216547924522,10
11,-173.67773091467734,1525.643677028562,10
12,343.88106991422535,-3793.6619196665847,10
13,257.4893159792375,-3423.082885621705,10
14,263.0451344168364,-2931.9203820872226,10
15,153.2745352279273,-2141.0187361420967,10
16,99.05407544379608,-1436.6600571265967,10
17,-3.1045645786301774,-707.538128833113,10
18,-107.3383279607737,-84.53995543045706,10
19,-162.23008395943478,340.62676990827094,10
20,-380.0003617566293,776.5800843448379,10
21,-706.5849777761963,1296.5947295986305,10
22,-186.59474503253793,1313.3141308549402,10
23,-826.6074153151847,1542.568470118582,10
24,-1291.505689792796,2047.6653469264763,10
25,-1468.4615890183827,2213.1523802204883,10
26,-1788.4428574358303,2433.2043763152997,10
27,-2029.0706219388537,2584.7691957309776,10
28,-2152.916394733701,2796.7390251160323,10
29,-2340.8168110752126,2911.195631404974,10
30,-2372.04213622509,3015.382505625933,10
31,-2475.75121707308,2998.3044347368063,10
32,-2302.692232330793,2673.107415037303,10
33,-148.22440510808795,919.1915931030418,10
34,-2164.7273454693827,2368.873760887412,10
35,-2003.1161958572513,1954.9749090004327,10
36,-1793.4908474299823,1467.3395968705438,10
37,-1416.6470908776407,858.8443592472471,10
38,-1173.7446814635946,338.27533569750284,10
39,-783.5067802538258,-312.60000374306287,10
40,-689.7808265763563,-853.0075574493318,10
41,-357.9672054531561,-1524.210332262262,10
42,-368.3737727337552,-2123.1828705966,10
43,151.37241704083078,-2754.0725773424983,10
44,-199.44134307244582,545.855900725772,10
45,256.3248824528557,-3284.4425429391686,10
46,364.63722818922884,-3658.7610122295755,10
47,300.24925879962063,-4015.7913009622075,10
48,391.1774855361007,-4175.971157494782,10
49,295.0356445569747,-4243.4017955186755,10
50,207.58543712256744,-4176.009830204346,10
51,264.00084172061787,-4013.704254315139,10
52,228.32490986222996,-3726.1216440036997,10
53,221.0144693518306,-3209.7925941291023,10
54,58.503639015584895,-2675.658404395906,10
55,-99.65627725031852,74.44204977109524,10
56,167.73159246935919,-2140.6655154754653,10
57,105.14423201003338,-1438.7278598851954,10
58,239.9862865037796,-902.6941431257542,10
59,332.6988863776244,-583.9994211153221,10
60,257.28520134551826,30.70361727529858,10
61,123.57973755229197,357.2882777346992,10
62,-41.062713451153115,813.3832285340673,10
63,34.74028578829363,1174.2065657110847,10
64,148.20053488693782,1391.2980575793433,10
65,115.63163674500457,1591.9017845598887,10
66,-61.48283881357426,-389.13319831704115,10
67,141.37021698035713,1735.0580236654853,10
68,78.97608936651281,1740.7751467345884,10
69,121.41596031143764,-877.785893065804,10
70,62.00914682260743,-1234.3905148936392,10
71,-2375.379434959774,24.798359976200196,11
72,-1828.9437677509623,-150.85769905287611,11
73,-3510.2036258429343,-426.2912966189417,11
74,-3605.9784429217884,-890.1315653569199,11
75,-3128.903095769476,-1561.1467103928296,11
76,-2941.690935446697,-2457.644339935015,11
77,-2717.864363463049,-3302.8746365212523,11
78,-2419.9123297919427,-4254.977371021446,11
79,-2151.9660702004276,-5089.872968640937,11
80,-1738.4912951697236,-5565.189282453632,11
81,-1423.5205587079145,-5677.763887187195,11
82,-1438.693039285515,-5446.908131463184,11
83,-2088.64638168374,-72.41606355068515,11
84,-1297.407239339105,-4882.342672519949,11
85,-967.1989762655338,-4024.2987883687274,11
86,-867.2570213403072,-3325.8861405690745,11
87,-541.2826148714283,-2451.6406075481145,11
88,-606.0123392151012,-1526.3213836329248,11
89,-400.16462273615446,-1050.197946627738,11
90,-531.3817761708151,-490.2502652937405,11
91,-453.4356230053273,-138.2788911588142,11
92,-882.3348339213536,374.174182436311,11
93,-1246.2322356957814,490.41675893090155,11
94,-1923.9791978538824,-133.83170148990314,11
95,-1919.3125054391912,732.9017511274703,11
96,-2497.175965466204,952.3488177373927,11
97,-2517.109011919759,866.0476835511362,11
98,-2447.292125183,822.168717899089,11
99,-2671.9776819233357,833.273103469028,11
100,-2130.812716881256,348.47580364403575,11
101,-2084.3643232661448,259.0136416286025,11
102,-2211.6666333487387,248.24334851582236,11
103,-2400.335435311326,217.2720264755806,11
104,-2542.755029874936,182.26924113802858,11
105,-2226.5189004738722,-57.92360280369121,11
106,-2814.8121001398995,132.4867285297158,11
107,-2574.8676363038626,-48.808478580127,11
108,-3346.704310638983,10.384180703303185,11
109,-3366.4567161843984,-102.03910148090152,11
110,-2986.1481261682316,-536.0293744726436,11
111,-2833.626600555368,-900.3762032737343,11
112,-2515.597259891692,-1492.5611039551343,11
113,-2153.161230777481,-2072.175637229906,11
114,-1969.4188891599886,-2866.0585829276674,11
115,-1831.5517366579159,-3546.602888752955,11
116,-2237.201523282943,-92.03753233575327,11
117,-1622.1523868400197,-4305.711505230514,11
118,-1744.7041255072743,-5116.668714146256,11
119,-1663.25407845852,-5640.2007369682315,11
120,-1425.5438277124304,-5892.758970357403,11
121,-1493.4045724815248,-5822.992677338359,11
122,-1522.474243490939,-5524.746413519037,11
123,-1452.617396149688,-4824.15934950632,11
124,-1492.564465724971,-4091.1995050026185,11
125,-1365.89854989718,-3281.9674946594064,11
126,-1192.8613744726617,-2519.421866121531,11
127,-2531.1201647121406,-69.25131982108299,11
128,-1308.6397136460405,-1641.2388567658547,11
129,-1257.357616410182,-1218.3740638016852,11
130,-1571.995493514978,-522.4693391478498,11
131,-1625.5547070013715,-197.031057035595,11
132,-2029.4405918719428,122.25467838110329,11
133,-2638.6676134563763,344.51730635306023,11
134,-2775.0983384742226,352.68477776639605,11
135,-2999.8108068519164,290.46802189350717,11
136,-2919.896237378238,212.35330614211043,11
137,-2966.4724994983253,167.84292917898733,11
138,-2723.8033759418413,-53.47673459689525,11
139,-3055.882730723282,206.24344977140538,11
140,-2886.5374426552266,220.269069245984,11
141,-2937.269707632295,-110.06028485975902,11
142,-3561.602255388739,-20.000553937905472,11
143,-2878.197600215152,-1202.2140211352912,12
144,-2924.2999532564604,-1209.5994072639592,12
145,-3288.0468820831516,-936.6228379954522,12
146,-3363.099243371404,-970.6081550536863,12
147,-3358.712919574037,-1022.6354283397376,12
148,-3382.666551466598,-1007.5124441634296,12
149,-3504.4863788246707,-887.9785692268599,12
150,-3553.6227086927465,-826.9926151642132,12
151,-3547.992252345662,-708.2089816377005,12
152,-3497.8023049342696,-661.5557583955028,12
153,-3670.8015011782218,-529.7405469490091,12
154,-3621.111569770895,-572.0345217497664,12
155,-2861.157382948271,-1268.5334766036453,12
156,-3592.8088004352385,-546.9118126497622,12
157,-3488.2817736502666,-711.0459344822011,12
158,-3642.904755969644,-576.4336965877163,12
159,-3563.022205350308,-702.2964608692315,12
160,-3654.515580290989,-672.1248583525864,12
161,-3509.3900557429747,-790.9164459023531,12
162,-3688.5654577739865,-742.6366754801256,12
163,-3638.5338424845827,-791.3111395963646,12
164,-3661.843303331831,-860.3616955198703,12
165,-3662.6833826464913,-887.0371015902914,12
166,-2883.3333455535567,-1242.907262206029,12
167,-3739.6745069022386,-841.975416547154,12
168,-3650.62552412611,-999.2797524988533,12
169,-3699.0732917165924,-974.187685754714,12
170,-3674.777264386581,-1016.8986964162682,12
171,-3587.114982644652,-1082.1816045174833,12
172,-3537.7095265181165,-1114.9003971679765,12
173,-3609.570767286134,-1053.9832757391669,12
174,-3547.1387362802348,-1153.6970073293055,12
175,-3599.2263934539774,-1091.2836545084003,12
176,-3606.4265867440977,-1086.5348479478546,12
177,-2803.738570278109,-1187.7176129892837,12
178,-3593.0608540506605,-1089.1674885635432,12
179,-3663.8521709628417,-995.0583632785003,12
180,-3571.2844217882493,-1082.4908767000302,12
181,-3651.3071723998182,-982.8485728947106,12
182,-3735.053633991445,-932.0863598114832,12
183,-3703.0539523122666,-945.532670706883,12
184,-3569.8517655661904,-989.4523618193595,12
185,-3537.8159068635996,-1034.2534167499866,12
186,-3733.527752410595,-930.5148554490714,12
187,-3776.774459911484,-890.3344001991057,12
188,-2877.1736322844677,-1088.0881093895014,12
189,-3797.434313218088,-887.9331819753542,12
190,-3823.7195172421852,-887.2603451193507,12
191,-3781.732668009336,-890.2032223943952,12
192,-3763.8066457417017,-931.9309104945014,12
193,-3443.0362147936353,-1050.2829080973952,12
194,-3729.585660775877,-937.9683291592365,12
195,-3961.4009248358952,-771.8828869740715,12
196,-3925.927512113598,-762.4506674423004,12
197,-3834.108950508923,-746.759141469863,12
198,-3781.4210978799097,-704.9343531419635,12
199,-2966.153081706536,-1010.3051072013768,12
200,-3664.802555073883,-726.5078253836123,12
201,-3619.3059829369845,-684.46649102773,12
202,-3511.254948075264,-701.364450821925,12
203,-3448.3654562846473,-670.5034582793643,12
204,-3340.9592529528895,-684.4757899085547,12
205,-3036.0132039503956,-807.9457457096555,12
206,-2901.68196022627,-880.3033011345709,12
207,-2862.918308868537,-903.5831184684423,12
208,-2819.2111108487234,-880.4672989359087,12
209,-2824.9464033143636,-1020.4993258166562,12
210,-2957.0186073965065,-1002.4230035661609,12
211,-2810.601756810851,-1116.1180636866968,12
212,-2820.2006014195676,-1158.1753150427564,12
213,-3007.544401374139,-974.8161777725147,12
214,-3181.3554906238787,-932.3750856388335,12
215,2059.902778541538,682.4922318982958,13
216,1795.6544471018465,985.5698501567338,13
217,-2756.168151706296,813.0069579515178,13
218,-2846.0657676606406,557.9575735248078,13
219,-3095.3847749568577,627.0478444839035,13
220,-3102.123707353626,755.3668151410664,13
221,-3131.91196478762,1130.597131691776,13
222,-3132.07355320797,1599.8138741268572,13
223,-3147.099879643107,2105.30672469203,13
224,-2635.775534947711,1972.294621163686,13
225,-2650.6902681815973,2156.2156478355587,13
226,-2396.4783043032185,1969.331048632645,13
227,1580.5816014045633,1289.5512183188316,13
228,-2309.848255598771,1958.3313978661536,13
229,-2266.8441795255417,1939.6715053595574,13
230,-2229.6363917787144,1942.5505870181564,13
231,-2185.1224371160965,1832.0702566550851,13
232,-2182.537898961099,1817.8202622639317,13
233,-2167.5584959602165,2075.1873748714333,13
234,-1944.9791466419156,2406.350861968439,13
235,-1751.610233030052,2744.3670528938774,13
236,-1468.6073007453908,2932.026471561462,13
237,-844.0137832231766,2916.7805575764546,13
238,1271.4144406130783,1589.9138751200546,13
239,-83.39697156487321,2734.1402986139974,13
240,463.3136644617123,2721.4683576002285,13
241,1016.4287834065456,2509.9168890006863,13
242,1252.5494280388436,2441.491855003869,13
243,1430.6897770098294,2476.3051372410832,13
244,1515.4228084180922,2540.795592681223,13
245,1579.2455966169243,2526.768685815034,13
246,1469.0710370131942,2567.178924737437,13
247,1286.0487710794707,2693.9357789346354,13
248,934.4110004956171,2754.2852352668283,13
249,820.4691950499355,1884.0490358862312,13
250,509.8373542128311,2817.601577915854,13
251,35.289962539522215,2937.9989747708737,13
252,-613.4120550249486,3219.6138503052825,13
253,-1330.1943522912575,3558.1635268879213,13
254,-2027.7562261113487,3989.7068742517868,13
255,-2673.296462201612,4365.676332287924,13
256,-2770.881022296916,4056.411927932047,13
257,-2779.2981206581803,3645.5744363136823,13
258,-2638.8741295214604,3111.823807137258,13
259,-2732.191843501433,2891.1259769954145,13
260,272.3450032293457,2053.1517054093933,13
261,-2608.527816743176,2592.217346638955,13
262,-2492.5203515344656,2427.776713207599,13
263,-2427.1917813688156,2358.3240886776944,13
264,-2394.3691265878942,2240.7917802381767,13
265,-2304.3156517855696,2294.6494841749895,13
266,-2226.2727887606798,2182.2860535887826,13
267,-2148.992975536082,2126.793158213572,13
268,-2101.4078819727447,2241.0615455826874,13
269,-2119.64158800167,2579.8179656424386,13
270,-2137.4751587842457,2952.471473870301,13
271,-476.39154956195546,2075.3947448862145,13
272,-2277.676284346907,3042.9356548206338,13
273,-2394.934256970442,3049.9192298125654,13
274,-1952.5007884096487,2588.732151814542,13
275,-1234.0990802006738,2099.4043933501994,13
276,-624.5637882640292,1739.7522362084096,13
277,-81.21861994997913,1478.9440072690886,13
278,250.9875890181223,1378.638870555042,13
279,657.0990982055134,1153.8414102194024,13
280,1086.940206994235,896.6105086874844,13
281,1166.739788108968,913.3074784396628,13
282,-1516.354273008143,2259.531941610975,13
283,1444.0238068280598,874.6691354210578,13
284,1912.1752495598787,653.4189502895553,13
285,-1996.8584004300535,1897.9409279885829,13
286,-2375.8715952534226,1313.3084953027974,13
287,-4982.701673608074,2983.1699341672775,14
288,-5256.582281662556,2918.6826711762674,14
289,-1938.4301404880814,1854.092877177193,14
290,-2275.1272711653196,2056.4167646643496,14
291,-2894.43145381832,2452.994820123984,14
292,-3137.9916588364945,2493.856069966721,14
293,-3835.426019691097,2845.7314858530813,14
294,-4616.106528907563,3011.375332566191,14
295,-4466.320663686066,2630.323713656071,14
296,-5068.304762655996,2736.473670544688,14
297,-5137.573082464906,2678.4670914264607,14
298,-5120.348813811739,2603.938977278127,14
299,-4772.20588483073,2535.704946467991,14
300,-5103.658303582356,2842.442102806883,14
301,-4483.34407708444,2514.346335191911,14
302,-3897.8404294359093,2323.199117915906,14
303,-3397.3967113291483,2272.926420880531,14
304,-3014.084034407134,2216.5282575063115,14
305,-2525.091184824078,2134.3332927361466,14
306,-2309.9211088991206,2140.4203044602873,14
307,-2513.9012343211066,2441.863549176618,14
308,-2662.892364997593,2518.988252832216,14
309,-2533.1687734181587,2593.6428947442223,14
310,-4698.040387305854,2520.2862493422585,14
311,-3140.5062139064034,2866.888285250448,14
312,-3479.9505519889885,3149.8263494993625,14
313,-4306.41056102723,3626.9062310250174,14
314,-4674.200403905269,3777.8517765204306,14
315,-4753.06818283473,3555.614998906134,14
316,-5109.827225975683,3398.57458007603,14
317,-5265.852668096005,3134.5069646447046,14
318,-4980.83203180305,2655.763968238279,14
319,-4814.189053922859,2441.754177516151,14
320,-4506.837991830773,2369.9203427530506,14
321,-3707.254084816445,1988.0190832798642,14
322,-3983.9672911009884,2013.1886755671208,14
323,-2917.8970218500735,1605.4400816325053,14
324,-2653.3842209647237,1593.5845946110405,14
325,-2458.2718059281297,1578.8279598795332,14
326,-2302.676941307821,1752.4935230805418,14
327,-2339.442394540539,1844.9110473138105,14
328,-2228.451457791359,1801.046134311986,14
329,-2170.3388445539817,1778.2524388758823,14
330,-3118.7967101429804,2314.640089927493,14
331,-3166.24723145506,2391.382799293279,14
332,-3195.5085161081133,1905.9854247797136,14
333,-3872.0751515241864,2769.9767020083323,14
334,-4266.097260232918,2791.6183018526017,14
335,-4703.460918675772,2717.738769480171,14
336,-4944.816305690135,2660.5483853459514,14
337,-5078.687052711184,2522.7768742038606,14
338,-6229.105201405099,3110.1551148961757,14
339,-5115.084545264981,2530.765132811898,14
340,-4631.184718423727,2435.842922969015,14
341,-3840.719806905676,2247.2373216038955,14
342,-3711.420665534557,2395.2221443723747,14
343,-2699.6337394823718,1696.3187934568043,14
344,-2803.017569974531,1986.8965597327665,14
345,-2437.704861654333,2093.320400433664,14
346,-2310.7430768545205,2117.0997729293053,14
347,-2050.5253837185905,2030.7504181464726,14
348,-1899.4646957130035,1968.2759948982005,14
349,-2342.6962206144835,2274.090058946809,14
350,-2702.1710741800152,2485.1483337066593,14
351,-3429.8319383524818,2811.9096724999386,14
352,-4005.5670519363603,3220.0403068995356,14
353,-4407.861797067804,3297.033835188951,14
354,-2337.948125014086,1780.9492328408583,14
355,-5082.943184534676,3480.4316798841646,14
356,-4966.741354365937,3158.5503503961604,14
357,-2145.259459612172,1800.7472629586762,14
358,-2032.0685002498733,1752.6911073628655,14
359,-3609.6677694079012,3161.133694274393,15
360,-3194.4424154512644,2897.8312532250375,15
361,-3593.2453047841423,3185.8075801768764,15
362,-3733.9590828038654,3198.1513673668287,15
363,-3681.855227289244,3184.8029032137247,15
364,-3515.653339802776,3103.104028525241,15
365,-4040.797502713531,3327.2499580442955,15
366,-4008.1953463408604,3294.6848163058667,15
367,-3875.5149920733893,3171.743637945062,15
368,-3985.6846098024116,3210.649780160561,15
369,-4086.2248138839277,3254.551455932509,15
370,-4326.394613898968,3358.437600877863,15
371,-3544.3835300266724,3095.0643881232677,15
372,-3741.650862178745,2984.384511040263,15
373,-3821.336155165456,2990.71812920892,15
374,-4027.525870800011,3137.8399953096587,15
375,-3781.8993946051924,2917.3519016787377,15
376,-3759.793717103916,2905.434859433321,15
377,-3806.5979164881646,2875.294574106371,15
378,-4090.338707776589,3007.9162268716677,15
379,-3806.7034229501496,2839.2634177152545,15
380,-3849.5425580257506,2828.0489859652125,15
381,-4082.5807824273566,2955.6057914353883,15
382,-3659.441783609806,3156.436967187914,15
383,-3882.7703427635397,2839.957228767182,15
384,-4093.707085109997,2955.4987502712784,15
385,-3846.4112835461774,2774.2263062412635,15
386,-4102.4940915471825,2986.581472751405,15
387,-4136.096445532502,2943.254751273082,15
388,-4129.057574539231,2999.378017336427,15
389,-4132.554367338163,3009.6495963572506,15
390,-3932.576220138493,2861.0409263739903,15
391,-4176.868692014975,3056.391758931647,15
392,-4187.565065546775,3054.4301747043855,15
393,-3618.05451043875,3127.920750248693,15
394,-3991.321756531608,2989.1004494345875,15
395,-4114.142595960329,3073.226418391336,15
396,-3949.6675928613304,2971.0015150678455,15
397,-3998.6673042046896,3011.273974632522,15
398,-4105.7713313429695,3094.6408994993794,15
399,-4050.6450937157397,3120.3843823471825,15
400,-4056.181618210258,3145.742587468322,15
401,-4083.680966452289,3191.0068805969363,15
402,-4061.702243777372,3210.7974487500014,15
403,-4130.882851475148,3330.209932297196,15
404,-3665.570175785394,3170.5464900396287,15
405,-4221.124556968237,3430.5780433121286,15
406,-3973.8851273652867,3295.3389266652507,15
407,-4122.101288810009,3401.8876455943905,15
408,-4054.579204949826,3417.289808224435,15
409,-4647.989195174357,3838.217744104817,15
410,-4374.288427403889,3690.9168630474164,15
411,-3968.636087161414,3436.924882577995,15
412,-3391.7854505698665,3081.3912179081235,15
413,-3364.8484259386646,2986.7477402778545,15
414,-3549.554236991467,3109.46811404631,15
415,-3589.40277838958,3128.5708323917224,15
416,-3277.1956959099925,2930.218972425905,15
417,-3717.2533352288433,3161.4559732854873,15
418,-2864.4976064230577,2609.9873567263053,15
419,-3610.167322427083,3108.2253822661787,15
420,-3324.356551528418,2925.7544195081714,15
421,-3672.2190553067153,3145.5077660341067,15
422,-3237.9522174342064,2906.234246665616,15
423,-3710.268581611261,3180.1729186923535,15
424,-3233.766542796456,2927.0391556898167,15
425,-3217.059349963478,2908.1354423775642,15
426,-3184.7560416010333,2848.217986608419,15
427,-3237.1503569980364,2960.395396013807,15
428,-3126.9697148398254,2874.536188042465,15
429,-3588.8500775886464,3108.623876435763,15
430,-3453.083657734984,3057.5062346872746,15
431,-3708.80443488545,-5536.550099018564,16
432,-3672.7878989424617,-5517.1239530778075,16
433,-4146.940856339037,-5565.434637679663,16
434,-4129.514122694557,-5549.150601506911,16
435,-4210.6195717618175,-5532.276179788345,16
436,-4180.184149827022,-5496.182605469714,16
437,-4175.711474654692,-5470.9899604831735,16
438,-4488.42261555845,-5476.418849569162,16
439,-4256.545588281368,-5441.412134668329,16
440,-4342.317395380974,-5436.8088324580785,16
441,-4283.056284049057,-5370.385962820817,16
442,-4188.601711218982,-5430.744068324553,16
443,-3796.9915166177466,-5548.4358368807925,16
444,-4200.446439295861,-5393.084654448605,16
445,-4300.72994214859,-5473.46043563779,16
446,-4128.819125351284,-5444.896901259386,16
447,-4178.134222641172,-5476.143842161651,16
448,-4109.214611854841,-5458.370962297332,16
449,-4072.847692554686,-5474.386929899754,16
450,-3958.016800671376,-5446.036042359662,16
451,-4004.8059409519083,-5478.213363816647,16
452,-4134.445376890208,-5468.542782588521,16
453,-3942.4688751182216,-5461.453230728758,16
454,-3739.01809030585,-5522.553421713443,16
455,-4046.8868964647218,-5463.454320502084,16
456,-4007.335792056028,-5473.373027575268,16
457,-3910.6669618288615,-5473.3582608429615,16
458,-4202.047764263612,-5421.709492267594,16
459,-3967.424228943148,-5467.041394303966,16
460,-3853.872039307916,-5460.0595955401905,16
461,-4135.460560893435,-5394.184362878333,16
462,-3933.234665326139,-5465.268078450467,16
463,-4151.033803180715,-5416.2934824913345,16
464,-4185.82538474548,-5380.17698298373,16
465,-3825.0544829097603,-5547.224575811377,16
466,-4147.398866581797,-5405.427078156093,16
467,-4202.026673121808,-5396.436354923786,16
468,-4223.74850776904,-5435.151959220761,16
469,-4153.632903967066,-5409.259914890071,16
470,-4236.527910363254,-5424.803839554098,16
471,-4251.1170570911845,-5479.323234650493,16
472,-4214.00545548544,-5468.327209468564,16
473,-4245.686276706822,-5467.76396360992,16
474,-4274.923776889061,-5459.856949953329,16
475,-4254.93111915031,-5458.076691396393,16
476,-3879.257010769143,-5534.775807892812,16
477,-4282.717967781172,-5460.309238649656,16
478,-4391.155038781756,-5523.889922476739,16
479,-4413.183190726758,-5526.735208975499,16
480,-4355.343241000417,-5584.150407109924,16
481,-4298.294827684783,-5553.113839130665,16
482,-4581.590222593069,-5612.029798239795,16
483,-4456.175509526905,-5617.286783990715,16
484,-4495.088323822576,-5631.691241871275,16
485,-4569.6123760937135,-5682.231457309057,16
486,-4564.621864680234,-5688.22863614715,16
487,-3977.902104813897,-5567.751805553386,16
488,-4517.719113083628,-5707.551145635673,16
489,-4544.873465459481,-5694.193237533047,16
490,-4174.114848946531,-5696.702069086673,16
491,-4467.814976293632,-5690.420055775474,16
492,-4000.952098211419,-5658.699152739499,16
493,-4120.491222007956,-5652.515636170606,16
494,-4028.1109020082367,-5616.942615181933,16
495,-3786.9800046193486,-5591.685034876774,16
496,-3889.0028364155073,-5586.953004540711,16
497,-3884.666736100042,-5541.227837438829,16
498,-3902.489988089791,-5567.812805142457,16
499,-3693.292533982883,-5551.414953634935,16
500,-3704.7021133659528,-5530.715526082364,16
501,-4026.827212616311,-5556.61503663077,16
502,-4182.520261003675,-5569.902552229768,16
503,-3565.7803422711304,6300.0730920188735,17
504,-3597.9902204611417,6358.291167740037,17
505,-3611.14589578359,6226.804424654676,17
506,-3689.824851740595,6236.296949694261,17
507,-3551.870166322406,6049.085284857503,17
508,-3874.149998437854,6251.0472211087135,17
509,-4079.2064336311546,6406.897932351971,17
510,-4223.043720617143,6447.152044413675,17
511,-4216.628042448597,6388.070643379211,17
512,-3902.0243922115806,6054.935212746037,17
513,-3963.906371286641,6064.038363252156,17
514,-3810.6182406828075,5920.9342553027855,17
515,-3783.8017156075243,6530.804605010261,17
516,-3799.6526808148246,5901.101957326588,17
517,-3649.9967929520053,5799.426655101317,17
518,-3548.490888723904,5747.554688180461,17
519,-3577.622862379135,5794.420726506506,17
520,-3484.409083163941,5769.4531513883985,17
521,-3258.5357376059333,5603.752409309333,17
522,-3451.9754498985467,5820.796910188158,17
523,-3492.18139364655,5850.317878514017,17
524,-3558.094939945707,5902.10123722822,17
525,-3888.275277508471,6186.516589123003,17
526,-3678.395807730566,6435.025147769133,17
527,-3990.6468470734258,6216.500088279014,17
528,-3857.781465012672,6110.391845634086,17
529,-3780.461868053585,6016.16538524907,17
530,-3438.6784751303744,5700.813808591316,17
531,-3457.2753995460553,5704.51300041816,17
532,-3473.6245788095703,5701.660437311742,17
533,-3735.6731382967614,5908.417732604471,17
534,-4014.49695178783,6159.586604103774,17
535,-3851.88282935015,6045.537226922425,17
536,-3390.232814390796,5680.982246394392,17
537,-3014.978054494975,5824.49783517742,17
538,-4195.54826729022,6356.486321648972,17
539,-4093.0932013462507,6287.009316438418,17
540,-4055.3625831378695,6250.023185823133,17
541,-4355.196066772991,6451.1526578097255,17
542,-4420.942115314556,6449.875961552207,17
543,-3599.6036610358965,5694.539527575733,17
544,-3825.9891014012574,5878.744861801845,17
545,-3718.781838425287,5762.146848653157,17
546,-4004.277116634821,6046.049006693871,17
547,-4066.8496874568,6122.173481785203,17
548,-3697.6357145592074,6431.239051769405,17
549,-3858.4235127704787,5963.695480428509,17
550,-4394.5672962211,6455.00589751255,17
551,-4532.097097503892,6649.6878621814585,17
552,-4569.007725516117,6696.547373519976,17
553,-4565.026707602419,6729.13743540552,17
554,-4643.149384777384,6810.526922482047,17
555,-3943.3084273612526,6180.901033297115,17
556,-4538.234644315777,6704.189496753162,17
557,-3814.909844847136,6084.30501705096,17
558,-4576.764013332039,6704.909240362747,17
559,-3374.4367336796363,6127.1532095979765,17
560,-4322.661909521553,6469.049709160738,17
561,-4107.490361172684,6275.700341987934,17
562,-4273.626526404664,6462.454324225696,17
563,-4413.50957198522,6602.504270702835,17
564,-4052.400950550096,6366.35414109727,17
565,-4220.435633595227,6541.3166613925605,17
566,-4190.489293478313,6617.268685937047,17
567,-3918.3875820036037,6438.52899591235,17
568,-4082.363683516423,6603.8745503539985,17
569,-3885.697877916745,6461.9758275569375,17
570,-3449.24983512358,6197.738059838036,17
571,-3479.679706217,6172.744292592492,17
572,-3652.982137610679,6361.822574595323,17
573,-3535.7895860442923,6253.199136546396,17
574,-3425.600011864581,6119.608759670911,17
575,6786.858071317174,-1684.5617092097345,18
576,6751.832033120932,-1570.5922875669448,18
577,5165.979871541451,-8.885041872721418,18
578,4610.876352472437,574.0157158554155,18
579,4400.047347270136,704.4833024586939,18
580,4220.797890035864,623.5383689415144,18
581,4202.441952964272,162.4170080277972,18
582,4082.3044253660046,-68.02541199034556,18
583,4222.338868916268,-281.37147252800776,18
584,4242.600818916351,-266.3075579135033,18
585,4512.304877384706,-463.25821617162944,18
586,4473.154312899223,-350.3169936761656,18
587,6699.1628624209225,-1521.254267694332,18
588,4616.838003176726,-291.3726997873936,18
589,4531.777488804515,258.6975322643077,18
590,4803.989860918648,303.5057083671138,18
591,4655.4284626088975,584.8352356214154,18
592,4920.750972987119,215.93744350072336,18
593,5489.588311117278,-590.0925362605489,18
594,5611.763414905919,-758.2378969563621,18
595,5867.137424561773,-1049.0572962760828,18
596,6087.221632128074,-1279.8566482377569,18
597,6266.444846439855,-1437.504075217014,18
598,6660.613071345457,-1467.0663339485875,18
599,6473.06917146267,-1619.1652213380437,18
600,6593.975262882153,-1673.768529250738,18
601,6708.348469448011,-1734.2220141919065,18
602,6756.683219587255,-1688.1929682628358,18
603,6811.552901927877,-1719.032991356809,18
604,6771.81846662269,-1620.8013729371398,18
605,6784.934752417733,-1640.7522919696082,18
606,6771.751357749276,-1656.1667488499468,18
607,6652.160993242233,-1606.138860295603,18
608,6585.753915438904,-1577.6908853639384,18
609,6513.963725370076,-1339.0264613739248,18
610,6428.332984315398,-1474.9965875052242,18
611,6311.098192207841,-1431.209930470084,18
612,6165.410205629396,-1353.9813528964867,18
613,5956.626722326204,-1302.260658190333,18
614,5513.0452498093155,-1059.8408186278164,18
615,5084.467979641162,-807.7916821875339,18
616,4810.027327213857,-525.0926456699218,18
617,4797.0467459939555,-527.5223043129539,18
618,4863.563018376341,-617.0822296920468,18
619,4760.511343853466,-545.8923201513846,18
620,6400.477805722642,-1224.0403087608563,18
621,4786.385002304751,-584.7445974395874,18
622,4725.76590039664,-564.409834128137,18
623,4746.4153108182,-597.6172183081379,18
624,4753.352549874901,-611.8296335823347,18
625,4710.627773958409,-552.2618004570256,18
626,4652.599872676209,-488.2426378868023,18
627,4730.353175887244,-558.4492975671377,18
628,4646.377414918098,-469.54707164738346,18
629,4582.117497233526,-376.9846881539733,18
630,4682.361494755998,-487.9619497298901,18
631,6169.636784325687,-989.1316479745522,18
632,4690.1381931958185,-459.1083144090536,18
633,4881.479286708575,-663.917113409027,18
634,5220.416993697429,-931.7341054099862,18
635,5632.8412348384745,-1185.3294314010238,18
636,5822.091824825542,-1296.4147953371503,18
637,6005.008363623526,-1449.901012924957,18
638,6138.161450595254,-1546.4892780283606,18
639,6252.382124609237,-1547.547157919022,18
640,6487.849977405784,-1724.791652559938,18
641,6603.070190588332,-1717.1134632108915,18
642,6055.376322491762,-916.1209429910292,18
643,6694.902577218635,-1760.1500367918632,18
644,6661.109286867788,-1626.9526826262295,18
645,5708.528714087659,-537.9860600238052,18
646,5340.376357500336,-133.49109248874655,18
647,8335.813004280828,-1875.654444643365,19
648,8345.482732601167,-1869.9809258378932,19
649,6476.372761487044,-835.1329245480439,19
650,5867.002606277394,-541.8893665116658,19
651,5056.708706939527,-202.30714022855665,19
652,3795.5011727694036,314.7577147605036,19
653,2250.9741199533055,782.5276135890949,19
654,495.83155375269376,1367.5556189998244,19
655,-1920.4649700958641,2967.7727798433343,19
656,-2860.2578419993456,3872.659175881871,19
657,-2573.8904538199495,3682.261561458237,19
658,-1605.5380800811506,2953.736575802748,19
659,8280.121571581654,-1688.9988522389854,19
660,257.365011328671,2071.804847935378,19
661,2415.7622387865613,1111.2792303402896,19
662,3909.705243701121,590.717693116716,19
663,4831.2707838387305,350.48292576765044,19
664,5727.035850433205,4.735520474714541,19
665,6415.94193749677,-163.69927823542915,19
666,6975.665169105529,-456.890502010289,19
667,7417.322546956458,-595.1813258235111,19
668,7758.260668426082,-739.6397483541487,19
669,8025.844018104228,-963.6560597555448,19
670,8180.25921409509,-1682.5742114884872,19
671,8190.3849413834,-970.100287556335,19
672,8292.552631707562,-960.1858700258591,19
673,8377.523139507246,-1142.699475691458,19
674,8456.092365038656,-1223.5940826536757,19
675,8482.744015533035,-1388.047625677239,19
676,8420.274964286877,-1373.086469053065,19
677,8356.121607169245,-1370.6666338440407,19
678,8359.173727742056,-1372.668620692757,19
679,8321.129016384813,-1348.6924468507973,19
680,8277.473627710398,-1511.1526444882836,19
681,8139.911511953516,-1861.16945780972,19
682,8159.086358229891,-1327.6892082046704,19
683,8003.511259696814,-1157.1683011626926,19
684,7803.220886652108,-1062.9222092006721,19
685,7524.47956562701,-880.9446493161165,19
686,7238.80656270914,-831.5592868345193,19
687,6731.04186249771,-441.29072357828886,19
688,6230.307196814615,-367.42903352005,19
689,5399.325720359834,73.11651926289218,19
690,4379.237705515902,386.7166102217549,19
691,2870.9585828498307,884.027359309251,19
692,8021.396067144778,-1520.7311221039852,19
693,1040.3310948891706,1265.5254780310554,19
694,-878.9999095980136,1796.18217687269,19
695,-3576.4042813115993,4019.0762103484963,19
696,-4274.795825836146,4578.396195478764,19
697,-4427.436837466387,4717.146304753145,19
698,-3541.5719021436335,3921.4766087738426,19
699,-1194.9974923979871,2756.908373207806,19
700,1502.343932034448,1561.8901493457618,19
701,3304.930671626205,1091.2155089082175,19
702,4543.585723205579,752.1527810835562,19
703,7862.750589270516,-1405.0356301089894,19
704,5546.273585104056,500.379796002452,19
705,6449.8204374710485,-91.97750576115985,19
706,6996.851112455021,-257.96699996912304,19
707,7455.280129081876,-467.3063065872511,19
708,7802.809532016686,-751.204793330965,19
709,8025.734361114305,-856.5293367073023,19
710,8209.13815630004,-1078.2362793152054,19
711,8332.301750377424,-1294.3582257082858,19
712,8399.916574252537,-1402.896924014121,19
713,8434.527421262454,-1506.4046977442829,19
714,7657.280334002144,-1370.6122399368023,19
715,8429.371580546927,-1785.3714650745583,19
716,8357.223795829386,-1674.6668893604722,19
717,7376.556165599861,-1258.662362751187,19
718,6992.390785479643,-1055.2364858899755,19
719,75.54048869225635,3295.0213983603294,1
720,-247.39932628989828,3327.2183001274648,1
721,-4922.981151317479,3869.1671426702915,1
722,-5133.932986395897,2936.916454687998,1
723,-5223.571881177594,2358.06651184919,1
724,-5546.121469476735,1555.2113532963854,1
725,-5420.144694245239,838.051656545125,1
726,-5576.942710710649,386.00038547823374,1
727,-5447.944899214304,-170.81195226723713,1
728,-5464.141459240516,-279.5261639267064,1
729,-5345.384473103018,-383.61475412414853,1
730,-5345.743247460237,-193.03430946481504,1
731,-701.4272284964833,3533.562232353528,1
732,-5156.695948276596,135.25693601114276,1
733,-5069.740146670245,704.8528512743391,1
734,8379.186083275014,-2122.212804437561,3
735,-4943.303980113937,1171.2931991914263,1
736,-4729.138182012898,1922.1657448405354,1
737,-4550.191490263413,2573.51426566648,1
738,-4503.743809068276,3283.2934056153763,1
739,-4352.804008802062,3923.5818049759705,1
740,-4346.657515641132,4441.587895659818,1
741,-4104.012331323963,4742.488448208511,1
742,-3279.094422684111,4636.175180177763,1
743,-1064.7265824653962,3538.7940465995166,1
744,-2172.447645393682,4305.059223167097,1
745,-1736.236841561121,4106.37188929507,1
746,-1428.4631440666421,4220.960861535359,1
747,-956.1590116541214,4221.944565507268,1
748,-721.0786278539885,4145.7811074139945,1
749,-339.1446573884383,3998.55803887312,1
750,-65.82109202128731,3957.1260419006403,1
751,-397.31512684412684,4475.389348980528,1
752,-207.55422681679968,4329.792177804799,1
753,-1589.1061366689785,3596.596878361804,1
754,-551.4435771639218,4743.9785940844695,1
755,-884.1726186740233,5035.60065367728,1
756,-1256.9475385378055,5181.987583238734,1
757,-1853.6394736619368,5406.417742589812,1
758,-2463.8608121643115,5615.126541556076,1
759,-3419.8710242007246,5747.403307026706,1
760,-4269.982811913439,5318.938727033984,1
761,-5061.116610663913,4742.167826987239,1
762,-5674.0718718608405,4303.112048530611,1
763,-6078.755298673425,3834.3603187787166,1
764,-2378.373982792795,3925.8853263218443,1
765,-6257.374288406422,3336.8083270474217,1
766,-6260.6691229016305,2973.0848699324315,1
767,-5854.555262185658,2392.6734565340153,1
768,-5912.706274811176,2451.880179602997,1
769,-5843.390681391477,2580.4869328947507,1
770,-5658.9349638555595,2840.530729296354,1
771,-5147.72720344246,2970.6641586729543,1
772,-5612.714960853236,3658.2653824010995,1
773,-5126.30141950913,4103.554854496535,1
774,-4843.370514462121,4441.072923599687,1
775,-2861.7085214576186,4144.474891504622,1
776,-4465.748252481504,4831.775693785382,1
777,-3933.566477960859,5027.1213345153765,1
778,-3057.0929842811856,4874.297053730438,1
779,-1995.0940298758107,4338.637681542006,1
780,-1386.0112019875805,4044.1934557258382,1
781,-737.4508850314827,3766.651894911406,1
782,-262.03828856495625,3523.520042416497,1
783,63.72615204081912,3348.2260653996077,1
784,400.60996755843655,3331.166935053046,1
785,412.9675720738574,3218.0170526042775,1
786,-3755.7648000216127,4575.794085102758,1
787,382.523026604004,3278.9787910324194,1
788,333.73751009739726,3166.2852560243264,1
789,-4532.512934424162,4839.405552504792,1
790,-4639.065639997797,4553.467861967923,1
791,5452.461943395832,638.5453311868974,20
792,5511.914922435451,596.0515444942356,20
793,5367.830663016529,82.92276712861168,20
794,5254.616898356318,140.68952686846023,20
795,5211.869916335967,115.84902952112476,20
796,5124.509524750252,153.87002205885508,20
797,5102.275625782586,152.75825911734216,20
798,1950.2263263011362,1238.5477368566046,2
799,5030.341924307244,173.67729351065105,20
800,4971.202081244081,183.44965009354945,20
801,4930.289653653316,208.58258282302077,20
802,4877.751684969248,211.06407388911546,20
803,4821.085715870695,230.86972694940678,20
804,5534.403238618057,491.6302670371963,20
805,4786.439218702926,245.57335782070786,20
806,4740.643951205177,265.09025628344483,20
807,4707.957476029882,281.2259052061585,20
808,4687.63427691119,323.6365418310911,20
809,4645.58947451486,381.9760731239414,20
810,4707.575481836266,381.51704968417107,20
811,4740.666779371321,433.12654562271575,20
812,4808.793378258042,416.122615671744,20
813,4829.15503001904,488.79660562635684,20
814,4902.11552122783,496.323863905041,20
815,5535.320303478272,422.32247184537914,20
816,4951.670959648376,488.2977766310999,20
817,5061.5884484248745,469.03726238255655,20
818,5182.1217044461355,433.03791382934673,20
819,5255.289399408961,439.71295557587297,20
820,5331.543425440792,431.010711769337,20
821,5451.659148798653,386.63675011869736,20
822,5475.982105995307,430.5184456625882,20
823,5543.5513798678085,404.1335783265817,20
824,5592.552406772398,353.96506736070677,20
825,5697.099258981486,284.86719446918596,20
826,5521.5751938229005,306.84936076834595,20
827,5640.896205494775,250.59821636378027,20
828,5721.726970798436,120.55383226299156,20
829,5696.217297852266,42.600448802815144,20
830,5686.640586514713,-30.14888655147297,20
831,5672.390405931743,-118.39202951862787,20
832,5651.820239239253,-160.25214743197648,20
833,5597.598658618818,-187.17755697702546,20
834,5535.336108114244,-206.28412090446733,20
835,5523.790569942134,-240.38227845885905,20
836,5481.562908995647,-200.90420839775052,20
837,5514.597307590292,226.14586126788805,20
838,5484.619848682698,-233.09716311773334,20
839,5406.1712817751195,-209.99659294660623,20
840,5377.034659899951,-157.87443352642077,20
841,5352.1541397026795,-150.32591957852398,20
842,5382.627231494282,-119.19506398270768,20
843,5342.7394202943315,-89.02731616901389,20
844,5194.418750564389,-47.00583475058954,20
845,5195.948040495107,-46.16446086746883,20
846,5157.213594902768,-112.2861969848832,20
847,5027.8603272076425,-98.73508141538555,20
848,5536.81367434308,146.531336917627,20
849,4975.013338235409,-63.591912114131226,20
850,4931.237508192172,-48.35727496651509,20
851,4891.568803420925,-37.16476138014931,20
852,4893.054331811188,2.568142323961091,20
853,4835.146119923946,49.19870190937519,20
854,4897.412702898174,124.5996841146995,20
855,4946.722901285716,141.87556354466912,20
856,5034.020987060746,193.37096464490642,20
857,5043.051236804963,315.44660751656113,20
858,5156.234441312212,387.3153617184209,20
859,5490.050838637572,103.92399731248909,20
860,5286.874198938878,448.0158082129011,20
861,5342.327338872882,595.1994740117361,20
862,5453.914054466228,86.7955526325151,20
863,5398.625356315636,89.64895032800024,20
864,2087.9430404129694,1267.225960584054,2
865,-2414.544996470657,449.0109480267344,2
866,-2888.717691476682,-565.3598314184986,2
867,-3183.078057563766,-1870.9871476367034,2
868,-3325.687454623116,-3115.3953306660396,2
869,-3343.9995439469785,-4377.012519830269,2
870,-3574.9636516153446,-5280.098040477766,2
871,-3835.4600008728303,-5964.388720283197,2
872,-3915.8416511371215,-6154.388674756071,2
873,-3948.1317916847115,-5757.717658524551,2
874,-3894.5912772030247,-5550.424817410889,2
875,1972.1615903610204,1256.8421797820026,2
876,-3503.622573905564,-4761.919840938606,2
877,-3379.499641453424,-3851.6471017260255,2
878,-3021.504091562624,-2790.2031424917463,2
879,-2644.1949730552346,-1584.4325040169697,2
880,-2244.054736347001,-567.5969594549097,2
881,-1919.3290203847791,644.9340033843051,2
882,-1481.6183037667577,1636.0670579578477,2
883,-1112.4865679858726,2443.8694115286307,2
884,-610.006361389703,2939.4715087361146,2
885,-75.93190174573522,3129.163825618995,2
886,1064.8779451623934,1841.642949787136,2
887,559.5966403919454,2868.3457846322826,2
888,1054.7085524964637,2631.688400304938,2
889,1371.4613689517262,2393.550371784092,2
890,1676.700950564919,2064.40282864496,2
891,1723.010132203586,1925.4425721732607,2
892,1800.9032479204611,1827.3407923486518,2
893,2096.6433000146008,1508.7572817792711,2
894,2226.233524545971,1497.926568904628,2
895,2395.5457212193587,1597.20556852276,2
896,2487.10628844333,1601.2709226324846,2
897,608.4908566452538,2025.416248193056,2
898,2125.5443474131325,2082.0213207032134,2
899,1876.4888659569028,2492.8085309732137,2
900,1553.214340779864,2806.2530202571998,2
901,928.663326565778,3360.289688406765,2
902,587.4473112621752,3511.1564713263538,2
903,-106.97384824432524,3707.195090658143,2
904,-802.1563947433814,3520.640679121213,2
905,-1443.190962057448,2739.5096651016624,2
906,-1916.985092432371,1445.0513899049615,2
907,-2632.9986233591108,-191.79294860341247,2
908,90.77494466657387,2379.490541686833,2
909,-3480.512961123612,-1908.1067525487235,2
910,-4043.864868411589,-3507.107385667483,2
911,-4167.559860840037,-4646.215739933975,2
912,-4011.1963490466023,-5280.702024532595,2
913,-4516.76239043531,-5259.178800359244,2
914,-4530.7271938097065,-4153.14889574987,2
915,-3625.6482544475757,-3022.5753628864773,2
916,-3003.5292231666353,-1510.5021839529948,2
917,-1923.994099410935,154.60421590069421,2
918,-948.0309920105188,1358.3460934851673,2
919,-136.69231096339084,2245.946812700384,2
920,-256.226059048762,2281.012618215147,2
921,829.1266452353643,2502.051134963766,2
922,1534.6373348529128,2640.3869128663287,2
923,2087.170028213898,2532.387438477383,2
924,2446.1188354197966,2390.7935602680304,2
925,2639.8562885036213,2223.41294798469,2
926,3309.244540947907,1472.0381589923682,2
927,3337.3298269613297,1292.1043466192134,2
928,2777.0421608713486,1599.243087357241,2
929,2736.15466965194,1443.7322969344793,2
930,-834.5409434082324,2317.620013876957,2
931,2789.94005989218,1143.4540532498183,2
932,2392.012875975429,1218.4044703400828,2
933,-1403.8090968014944,2170.2628725090167,2
934,-1915.427845935363,1414.8995924847065,2
935,8386.769175190977,-1898.5560161602327,3
936,8435.46280091148,-2023.4936563799688,3
937,6868.889087218198,-1580.8504361269506,3
938,6343.197997120839,-1252.7634404444545,3
939,5828.851979654612,-1100.0433165770066,3
940,4774.877218563864,-533.7356116700814,3
941,3497.7624003179517,-8.566442009946444,3
942,1847.4472508460221,934.9795106808724,3
943,-325.9685841430491,3150.384456417603,3
944,-497.73006605168,2861.750693633933,3
945,99.50423878574722,2169.8802664718078,3
946,1794.454132972915,379.1666474809472,3
947,2180.8236253895097,-13.650246584815386,3
948,3957.1025237887934,-837.2775208276912,3
949,5495.065781092736,-1607.699170976964,3
950,5857.093262387619,-1337.3439896157406,3
951,6361.9557029653615,-1382.2595922993837,3
952,6808.414783399428,-1412.457753856596,3
953,7249.168702591593,-1592.3776110471508,3
954,7482.396159196072,-1579.8277247778906,3
955,7704.554935462013,-1490.7356536562902,3
956,7877.680479887471,-1531.470544021745,3
957,8292.396584273652,-2257.0172410219116,3
958,8003.142965342017,-1435.0131872872385,3
959,8160.226218465727,-1717.589370409338,3
960,8283.897473212444,-1982.0841569522186,3
961,8330.557167132814,-1932.0542717715703,3
962,8316.35898123877,-1787.3309349198282,3
963,8231.295234521618,-1688.9183609957302,3
964,8194.679532666054,-1711.202128653139,3
965,8230.65200737064,-1807.503000203258,3
966,8247.99195029174,-1825.1102534934523,3
967,8193.485529395412,-1875.576115491405,3
968,8207.513524681768,-2338.112163135661,3
969,8171.725707931415,-1891.3137806881375,3
970,8090.734540613431,-1784.5073408006942,3
971,7909.45653404559,-1570.6438490497333,3
972,7708.949666068256,-1609.5507792278609,3
973,7328.516247300693,-1215.6864283570208,3
974,6951.090340301455,-912.8712458566624,3
975,6282.980175255996,-442.67931624757387,3
976,5745.480838709792,-312.4385512132168,3
977,5276.675750570852,-518.9684059128422,3
978,4152.032472685731,-180.09306554785167,3
979,8130.983330356271,-2394.93427968685,3
980,2409.0458144449976,439.97334504222965,3
981,590.2064134322696,660.9803188970878,3
982,-876.720954973353,1311.5573606837045,3
983,-1362.2520110379662,1483.8053122552728,3
984,-1435.6765227867336,1395.236465585143,3
985,-768.4161697674707,1093.3548444049063,3
986,1023.6516965028685,486.5055561249446,3
987,3204.8119733556155,46.008477044451524,3
988,4730.605031603878,-242.45115242287727,3
989,5636.707450783481,-437.65525483211303,3
990,8029.06762468619,-2394.769061903812,3
991,6466.252013616779,-679.2282545190903,3
992,7066.004477241329,-895.9647067409728,3
993,7471.795479919352,-988.1098377060861,3
994,7835.939265477729,-1252.5201627059423,3
995,8037.662829632051,-1109.261788929915,3
996,8254.50449850486,-1333.1106212092116,3
997,8424.484647341538,-1413.209398390023,3
998,8509.470083570743,-1732.1600075651397,3
999,8563.432360850351,-1779.746318023166,3
1000,8541.870601307453,-1829.5319601343438,3
1001,7880.2318111940795,-2343.10094082101,3
1002,8504.076827156028,-1782.0428527698555,3
1003,8416.36243369574,-1805.6652473261838,3
1004,7649.215811776523,-2216.7854855099504,3
1005,7285.281314045463,-1884.8687434941974,3
1006,-4377.173807104311,-1230.3033494388144,4
1007,-4400.211878837126,-1545.4635163659868,4
1008,-2710.2144224234744,-4747.284839936225,4
1009,-2526.6899772242896,-4729.275144085186,4
1010,-2539.274950951142,-4708.504733509555,4
1011,-2539.6493893132347,-4691.3844905168435,4
1012,-2698.3776043729213,-4642.834181039475,4
1013,-3041.410617711924,-4626.396033493377,4
1014,-3233.473988318214,-4615.310664355708,4
1015,-3559.4769736927537,-4616.260262810218,4
1016,-3834.746432132512,-4595.377264076333,4
1017,-3583.63810450613,-4459.292884272457,4
1018,-4148.80239495717,-2009.822599657219,4
1019,-4038.4119357460168,-4465.313017919004,4
1020,-4616.954133088087,-4409.505705083787,4
1021,-4718.385060565778,-4253.080978586256,4
1022,-5002.9303972674,-4084.380324185145,4
1023,-5489.525550477699,-3996.469213072011,4
1024,-5349.811432495967,-3833.5492808201866,4
1025,-5368.2502096557855,-3631.429861873169,4
1026,-5741.234826265126,-3353.1369602249806,4
1027,-5856.661918129567,-3184.008491204793,4
1028,-5717.655146438152,-3008.1452216630755,4
1029,-4017.276947762348,-2445.123629941079,4
1030,-5589.173644586388,-2856.954321182276,4
1031,-5523.783086544002,-2777.876806581532,4
1032,-5523.232756245669,-2687.1867892757427,4
1033,-5455.972185982368,-2683.0833094250784,4
1034,-5470.8365387634285,-2601.4245667939863,4
1035,-5363.939775174489,-2755.392413922906,4
1036,-5342.218938984196,-2796.0729708210088,4
1037,-5436.121913522058,-3109.482971890837,4
1038,-5178.505467343726,-3323.553798698276,4
1039,-5276.129554231317,-3472.2558242389428,4
1040,-3866.671740082282,-2934.0962565436316,4
1041,-5466.584818875627,-3665.3081221232706,4
1042,-5321.407565986613,-3914.885002025921,4
1043,-5472.6971584455505,-4241.2603336959,4
1044,-5160.307975053925,-4521.292224397995,4
1045,-5123.172746401742,-4679.789792539689,4
1046,-5102.458698316921,-4714.357144047534,4
1047,-5082.7828267608875,-4687.106830421087,4
1048,-4851.135418185377,-4625.034340483291,4
1049,-4787.553415947277,-4481.706631531558,4
1050,-4634.271778014153,-4387.259450858253,4
1051,-3511.5321467839954,-3383.5986863589173,4
1052,-4370.378421346408,-4253.325756351166,4
1053,-3931.1152369961837,-4241.874102997615,4
1054,-3764.9706268520445,-4270.152463225954,4
1055,-3615.174697759827,-4286.803666901654,4
1056,-3494.4829637135563,-4310.621131752204,4
1057,-3263.22981422653,-4365.609402752091,4
1058,-3080.421156497426,-4383.53577043746,4
1059,-2899.073017679035,-4327.837933604574,4
1060,-2964.0267630440026,-4186.492827965148,4
1061,-3446.402289271131,-3764.398386905512,4
1062,-3168.805747462538,-3891.598044600081,4
1063,-3037.404326125264,-3634.641742034894,4
1064,-3292.1269234222027,-3363.501030282293,4
1065,-3199.838616839064,-3000.6477347117993,4
1066,-3181.7966905116728,-2521.087676828627,4
1067,-3551.8459637152746,-2064.0895169352602,4
1068,-3568.381503895413,-1818.2595450321394,4
1069,-3808.2798129209605,-1515.5295541641233,4
1070,-3963.898827767139,-1268.1968521122076,4
1071,-4007.1395201823157,-1184.5306804549843,4
1072,-1233.0899367457891,-3063.141711863814,7
1073,-3324.4461091040753,-4122.607991075829,4
1074,-4010.6461966844226,-1180.0925359337461,4
1075,-4377.183050288178,-1130.2670207268939,4
1076,-3065.050484914871,-4396.393467041611,4
1077,-2918.2668758700843,-4614.094769421441,4
1078,6863.2124345270595,1430.9068888092297,5
1079,6927.766949861723,1196.530047645179,5
1080,4372.627449940717,1289.0687987646193,5
1081,3519.80836411365,1421.4661922364955,5
1082,2373.913255956052,1503.2841010508926,5
1083,967.9455733187601,1507.8528806781512,5
1084,-648.0469857756473,1416.5949906426067,5
1085,-1704.6861177424455,1214.6078533973284,5
1086,-1990.9070343547994,912.9442120149038,5
1087,-1969.2512614906195,914.6582195166845,5
1088,-1938.63909570392,564.4925212897805,5
1089,-1619.987203036549,730.7293474953509,5
1090,6925.784442017718,1018.473468386555,5
1091,-958.021278123495,1311.0772031028418,5
1092,135.60579457138138,1593.5661675047868,5
1093,1911.0393989070549,1518.7157072623368,5
1094,3514.0500036180188,1363.712549085668,5
1095,4594.878787482126,1306.7241999680357,5
1096,5414.037801326966,1146.9382444186278,5
1097,5973.028351050097,1002.4594507795324,5
1098,6311.887553934423,1015.189960127846,5
1099,6451.1894589263575,1171.8032005534264,5
1100,6596.7039559137,1227.4009207210454,5
1101,6895.128249993669,752.4524734759186,5
1102,6644.901098426775,1352.730254290982,5
1103,6719.269589230784,1310.502972174057,5
1104,6720.770561910178,1350.2535765443886,5
1105,6752.192231516269,1471.756446453947,5
1106,6713.267338382825,1632.1541302207409,5
1107,6592.036812477025,1890.684475340529,5
1108,6613.2396919094435,1812.403584630256,5
1109,6680.985143601663,1506.3548111562432,5
1110,6710.374431265531,1181.9895281610006,5
1111,6674.339087701202,898.2296782825192,5
1112,6824.763525688246,571.4855737523809,5
1113,6622.695314224671,704.9152661140689,5
1114,6532.617338620105,500.6612188151178,5
1115,6301.051372909452,571.2672278987119,5
1116,6008.266671547242,604.7835948971149,5
1117,5676.152497967884,657.5842224672751,5
1118,5202.795915686098,817.1067908439653,5
1119,4602.848661383745,1007.7121175390008,5
1120,3941.2910558154754,979.2546990907284,5
1121,3019.0299340638235,940.0194808877436,5
1122,1879.128305709327,1009.8743351735599,5
1123,6619.695247760568,602.8583765560144,5
1124,244.89527859488965,1111.3177461751313,5
1125,-225.99682921541188,622.1222783782123,5
1126,-791.5628041314291,770.6693789033305,5
1127,-1098.8677420715364,1411.2041407744298,5
1128,-1132.0018543355814,2009.7154531777403,5
1129,-1166.378554947382,2373.6009070558366,5
1130,-611.6780802649592,2207.885859483873,5
1131,1299.7570005850255,1595.9346381301534,5
1132,2912.854927802871,1285.06555746912,5
1133,4163.7479297203745,1029.7379293759282,5
1134,6338.15253073592,632.1811375802363,5
1135,5109.938236982941,855.5621533752397,5
1136,5663.438020535571,814.9104133116185,5
1137,6047.027208331267,831.7219633479726,5
1138,6346.5414867380805,826.778114616009,5
1139,6507.374402632207,960.8657225166437,5
1140,6631.438727052811,1088.2450768913152,5
1141,6761.787226813402,1066.6419997210114,5
1142,6840.678923826617,1091.546016939723,5
1143,6865.796763861711,1206.6151732278754,5
1144,6849.108195465435,1392.9486638902888,5
1145,6016.591304026543,676.6029088599812,5
1146,6846.172976369432,1526.6073977655872,5
1147,6853.443254383313,1524.3461780219138,5
1148,5632.9242713711465,794.2431914670187,5
1149,5157.228841068048,923.1675542360281,5
1150,8824.729049437667,-1370.2532164603426,6
1151,8785.105113723206,-1365.4297579135007,6
1152,6942.218701819646,-883.7183852420358,6
1153,6347.090948069024,-567.2885806181379,6
1154,5714.682984975389,-253.21534504849348,6
1155,4729.3526782394665,321.8919782052799,6
1156,3550.657876532615,1062.5346364267707,6
1157,2115.9982006398295,2260.6565473166843,6
1158,691.1215385639492,3888.5003268676287,6
1159,-966.3873560256508,5758.951439530048,6
1160,-1269.1112606204974,5843.942459837306,6
1161,509.9951917589204,4343.5253320387465,6
1162,8712.740629571323,-1391.40381499463,6
1163,2032.725558661688,2606.090952218543,6
1164,3368.325001347943,1648.1020955448143,6
1165,4496.5064345695655,995.9653620389873,6
1166,5559.898275234352,313.5401156940056,6
1167,6309.7126700179,-104.34643892562467,6
1168,6848.713810330915,-330.1731094030373,6
1169,7313.1812935886455,-481.2787148198229,6
1170,7665.606495896103,-625.9573716948962,6
1171,7982.69807433178,-806.273634327053,6
1172,8199.386448019091,-840.4926488502,6
1173,8620.132491503267,-1467.2960633593716,6
1174,8396.888615318512,-889.2310746108787,6
1175,8550.338613664551,-845.4850968466382,6
1176,8658.277339767774,-857.3976733961335,6
1177,8756.227422396458,-838.3595665068603,6
1178,8797.650473114958,-875.1151719622461,6
1179,8824.247240518775,-990.9408910747959,6
1180,8810.219715256582,-1036.9101249513033,6
1181,8825.065839495277,-1073.5758141964952,6
1182,8819.423155953253,-1047.9882476607156,6
1183,8784.017668271505,-1087.8953419395639,6
1184,8508.325895240034,-1414.8679152109491,6
1185,8741.75913425572,-966.4739335203994,6
1186,8653.002839855479,-877.1078038545493,6
1187,8537.994195999845,-780.153651326658,6
1188,8357.232312270155,-646.6089974171193,6
1189,8128.149808055434,-492.6955159223928,6
1190,7826.388544167711,-329.63230237468565,6
1191,7376.011328720986,-26.330454442920953,6
1192,6813.5095394374375,211.12463953757577,6
1193,6125.90428508005,520.5178535396657,6
1194,5187.946970856842,836.1691400887693,6
1195,8367.731769733231,-1408.2092934912682,6
1196,4090.1029114604084,1127.3286174672785,6
1197,2696.7177945640356,1840.1744332169883,6
1198,1105.2098941766826,3465.7399625789562,6
1199,99.27623106265794,4851.555967490275,6
1200,-7.250519233845029,4958.094839428093,6
1201,904.3292621770283,3689.032627486048,6
1202,2348.261692468793,2148.289323750939,6
1203,3715.4578905801222,1505.6706056107464,6
1204,4886.576046592366,980.2878995540908,6
1205,5827.192976835008,481.2340414221083,6
1206,8208.668027506526,-1378.2917866194873,6
1207,6640.661339352734,172.42394047692474,6
1208,7310.546475088517,-68.50487055413578,6
1209,7750.881681023739,-241.67619697139912,6
1210,8111.337490730282,-334.57146343878895,6
1211,8409.30362526646,-458.5289295060825,6
1212,8618.969604490609,-585.3473576338413,6
1213,8782.37755439863,-689.0634919099997,6
1214,8868.295301144679,-858.7083711063226,6
1215,8923.737783849356,-964.9998850000674,6
1216,8936.393938689824,-1132.6843424250153,6
1217,7972.601525195965,-1320.9213975128555,6
1218,8908.163093928308,-1209.920605893019,6
1219,8900.126638300922,-1243.1774204933708,6
1220,7713.586206142289,-1243.9200254208406,6
1221,7380.342965806104,-1069.21345658682,6
1222,-2138.225233408037,-2594.044356649311,7
1223,-2165.0170852352735,-3067.0045872075316,7
1224,-1115.8630876253712,-3020.4461977100436,7
1225,-909.7642569196855,-3087.4935010502345,7
1226,-1116.5071132753249,-3127.113175904448,7
1227,-963.9495137357748,-3164.630107884031,7
1228,-1251.9299622298863,-3113.8555444511326,7
1229,-1507.8745730188525,-3034.9244284696615,7
1230,-1792.7920298514268,-2983.4219678477593,7
1231,-1575.6950376989187,-2353.3521397287363,7
1232,-1067.6637985253983,-2054.212761077762,7
1233,-1898.7595247045913,-3309.4835596475127,7
1234,-866.9458511418597,-1485.4253994517958,7
1235,-475.84373791508904,-1081.4485269912782,7
1236,230.17928822120336,-830.1491930552008,7
1237,771.4579380820928,-762.1676743291728,7
1238,1331.3982834820592,-638.0053306443089,7
1239,1461.7170903628275,-532.6296758082736,7
1240,1516.2996743331664,-430.068036273257,7
1241,1510.1108135122433,-411.43374439377743,7
1242,1321.589340660941,-425.3307204800941,7
1243,449.8522170019694,-445.7898117222062,7
1244,1005.6891138785514,-441.9792478968872,7
1245,-1603.6091343823077,-3390.9932897073095,7
1246,78.7297553005332,-545.7426204906513,7
1247,-711.0726587092836,-613.8688403268183,7
1248,-1529.4638344626687,-583.6963745679349,7
1249,-2189.2475373822754,-692.8377305811259,7
1250,-2198.856747483856,-926.817715216217,7
1251,-2219.964611047501,-879.6506471328943,7
1252,-2243.1099721430883,-1004.2654278717357,7
1253,-2619.361039395762,-1039.3715604441702,7
1254,-2568.552071261597,-1228.112105948409,7
1255,-1243.183189104614,-3443.3495600509555,7
1256,-2410.808277990091,-1363.4054103930705,7
1257,-2529.981175818498,-1521.538935944369,7
1258,-2432.133259216331,-1683.1198354863081,7
1259,-1878.2261760088682,-1958.8027757577092,7
1260,-1086.2764489510716,-2205.6246252140977,7
1261,-628.765454702176,-2382.628207579852,7
1262,-224.59036486078784,-2414.663685466815,7
1263,-148.5865823737144,-2430.0486997778457,7
1264,-145.29661516657302,-2377.994332064074,7
1265,-253.01298956981083,-2346.085588836783,7
1266,-849.0382246640332,-3457.1297118919383,7
1267,-368.4013880556382,-2319.6514449094493,7
1268,-400.1779849422312,-2189.3267516829605,7
1269,-278.313107186671,-2100.307166344456,7
1270,-659.5407006684446,-1751.8167960310102,7
1271,-949.3493908689949,-1861.3366347679428,7
1272,-1217.2696866475094,-1178.71551434785,7
1273,-1153.158108982014,-872.7976562192094,7
1274,-841.6846320858006,-811.9761997440885,7
1275,-555.0744875359006,-579.6198212392063,7
1276,-158.88532464631453,-393.84494364105274,7
1277,-776.5687909322451,-3400.337977509612,7
1278,1.844077404341959,-116.3549764658246,7
1279,122.31017149624644,107.46811492110254,7
1280,168.42545608984346,242.88947281499236,7
1281,66.03062944385593,390.30524539810654,7
1282,98.11011234290211,262.37712909861847,7
1283,-13.721830556360276,205.58289073810022,7
1284,-178.52592496019346,71.1834632042389,7
1285,-537.1324252674941,32.45962099610709,7
1286,-846.2555231475839,-429.9440304915906,7
1287,-1521.2471342074887,-689.4082907561926,7
1288,-559.5938831510827,-3332.9698608482436,7
1289,-1427.6831478809625,-1242.5906954728512,7
1290,-1602.1062360137723,-1923.077511079879,7
1291,-740.3287089523812,-3221.141433058496,7
1292,-870.3759024389645,-3149.1747217613806,7
1293,-5171.264974798094,-5677.630601250884,8
1294,-5114.4207899325875,-5596.856094340971,8
1295,-3902.979044658357,-5483.0005131879925,8
1296,-3776.3248077665357,-5683.964544147221,8
1297,-3646.9235045797577,-5895.2549269609435,8
1298,-3756.2592653580673,-6129.382287921585,8
1299,-3751.8213935386066,-6288.164062792671,8
1300,-3769.418316502114,-6418.519134313128,8
1301,-3914.4625187951615,-6556.183600665605,8
1302,-3844.8348241491817,-6614.15873709384,8
1303,-3846.5762755046276,-6604.907026566612,8
1304,-3832.4928056868407,-6608.560051066597,8
1305,-5100.456939708345,-5467.198662201961,8
1306,-3807.4692160153213,-6514.134846158841,8
1307,-3823.923217623369,-6388.63621166311,8
1308,-3577.1185864263175,-6202.788610565684,8
1309,-3487.1882921768374,-5988.0886896679685,8
1310,-3472.3479885923657,-5787.076689408241,8
1311,-3336.9675568162943,-5514.424580939982,8
1312,-3201.4763644051595,-5398.70370577058,8
1313,-3089.6745716981723,-5232.900104492532,8
1314,-2908.1110959525845,-5162.940238963048,8
1315,-2824.1501716940024,-5150.0398974788395,8
1316,-5104.410074604479,-5324.519259157476,8
1317,-2801.8298167973644,-5151.644355666145,8
1318,-2817.5053709491312,-5321.913089663071,8
1319,-2753.572703757386,-5431.830856124531,8
1320,-2795.2059096274274,-5523.66628019153,8
1321,-2796.540900169283,-5590.3413835768215,8
1322,-2927.9898731697476,-5607.198754149879,8
1323,-3013.451406029726,-5579.150377980745,8
1324,-3024.609635691821,-5543.481017229068,8
1325,-3036.7716974300065,-5460.228312884771,8
1326,-3070.0212689552864,-5348.707499424945,8
1327,-5073.395097953099,-5252.282559129394,8
1328,-3134.4925964970275,-5242.6239513454375,8
1329,-3074.413906261651,-5195.5565468615905,8
1330,-3054.5928679288286,-5185.749386734564,8
1331,-2854.726963622928,-5197.694463582361,8
1332,-2826.517231175559,-5271.460064715353,8
1333,-2884.1095736653792,-5392.857073149269,8
1334,-2904.069948530773,-5544.080400751381,8
1335,-2977.42391887875,-5730.71004215865,8
1336,-3068.8870497974563,-5914.26710890497,8
1337,-3068.3494403226246,-6061.150418832085,8
1338,-4906.121352016475,-5155.686992072435,8
1339,-3181.4709424834878,-6236.4545073433865,8
1340,-3334.356871937188,-6376.419180288959,8
1341,-3451.158189833768,-6488.744112940603,8
1342,-3723.389763586197,-6606.030363508821,8
1343,-3844.1082331917955,-6644.136016831026,8
1344,-3947.2398042800114,-6630.544067888773,8
1345,-3962.091785159736,-6567.383131676518,8
1346,-4163.098135144851,-6431.68285984272,8
1347,-3960.292085032338,-6214.6594952883115,8
1348,-3959.954077020158,-6003.497180735201,8
1349,-4630.994205539692,-5048.699133533308,8
1350,-4039.2130319830994,-5503.347744232478,8
1351,-3986.956303885389,-5273.022254153087,8
1352,-3913.723413463166,-5158.729928531242,8
1353,-4014.5416374350993,-5078.381176571078,8
1354,-4154.869266122228,-5023.137905340778,8
1355,-4294.825598668913,-5083.663726723773,8
1356,-4498.777176166695,-5228.30060449631,8
1357,-4614.107509207185,-5393.109768199968,8
1358,-4748.584284488551,-5580.03805119895,8
1359,-4317.940562963005,-5113.490375799996,8
1360,-4911.856085019902,-5649.087041918443,8
1361,-5091.380480532513,-5702.90108570799,8
1362,-4213.766491113317,-5183.186314185507,8
1363,-4064.7332972489685,-5308.612556601427,8
1364,4386.702381282504,3903.9048635782856,9
1365,4587.022485439412,3551.9752711472534,9
1366,2960.078700314754,1669.4800299617468,9
1367,2029.8833406084527,1711.7241654995466,9
1368,1025.7480038854028,1438.64037224594,9
1369,-343.03191611788293,1114.998099224465,9
1370,-1026.8288039159975,740.0441238847791,9
1371,-1747.819858009704,631.3518042816972,9
1372,-2087.39367098211,943.671715230222,9
1373,-2271.223446162717,957.4291017014336,9
1374,-2221.1374045308817,732.7773247048168,9
1375,-2006.9577571435927,974.8521925142805,9
1376,4698.032581623271,3229.9772373388696,9
1377,-1418.4127043116662,1458.1626207801194,9
1378,-723.152119802462,2077.2035676547152,9
1379,176.74278183394122,2448.4761544710805,9
1380,1116.884339536887,2615.205617631612,9
1381,2258.9415653617,2513.3751856282856,9
1382,3142.273520442421,2420.924949681526,9
1383,3898.5142982352404,2264.67943736635,9
1384,4270.375243426836,2309.6551832276023,9
1385,4375.424981694793,2635.4955284247576,9
1386,4549.408497229728,2717.449400391514,9
1387,4765.29193498031,2911.992436188978,9
1388,4582.623606449408,2760.5105235563287,9
1389,4612.32038451799,2745.437612794979,9
1390,4469.684960461553,2990.879582941479,9
1391,4203.005559285801,3410.542979777267,9
1392,4114.728879348053,3716.1795512537847,9
1393,3764.6114604752147,4109.9413459465195,9
1394,3939.4325548117067,3987.384206807464,9
1395,4025.216548112551,3774.880575016435,9
1396,4148.212397585032,3372.641265248419,9
1397,4200.273936252082,3077.7378403011735,9
1398,4767.342286403872,2605.871087852441,9
1399,4248.336368526235,2692.258520422494,9
1400,4163.738624916078,2351.0875795938114,9
1401,4038.4290293645863,2026.9739407169334,9
1402,3883.1465625691426,1776.871845440146,9
1403,3659.151764692127,1616.5214824386876,9
1404,3168.2456621364577,1603.9038726951937,9
1405,2724.288374466305,1553.2532513370202,9
1406,2009.7918876035449,1499.9345518853881,9
1407,903.3179004089403,1479.9700119642794,9
1408,217.89444458387734,1142.758817710469,9
1409,4740.63433871183,2182.4820670043464,9
1410,-530.9392094075953,660.6752844978304,9
1411,-1362.6831253699647,273.86172482766136,9
1412,-1998.751881736817,270.382022725264,9
1413,-2417.6851647433496,536.0820506003265,9
1414,-2670.4512442713753,729.148931248992,9
1415,-2780.9008171196638,944.6973463306973,9
1416,-2315.8399839670037,963.9840385652965,9
1417,-1725.469568740284,1285.6080797462728,9
1418,-568.7722882688284,1640.496803613394,9
1419,1081.183942534672,1899.0121178406284,9
1420,4589.51281255643,1949.2604632330567,9
1421,2303.2838153767057,2090.9123660361356,9
1422,3206.2597877299067,2172.387195805345,9
1423,3976.8521909991364,2128.5748610180526,9
1424,4507.2244809248905,2127.138179825626,9
1425,4728.064025874585,2330.208700536151,9
1426,4691.517767396247,2747.7203626661076,9
1427,4868.761515209185,2643.6896971317647,9
1428,4952.530005163898,2651.777888650016,9
1429,4960.606851551931,2662.3686772054793,9
1430,4766.52619864391,3039.960489778055,9
1431,4375.930333392886,1747.4126018029374,9
1432,4542.90806750365,3552.9333500915573,9
1433,4287.99489148337,4007.3253061223463,9
1434,4133.814643237503,1647.0755007495918,9
1435,3678.1058556598764,1610.7407517389631,9
1436,-61.24393487763948,1747.5533685176836,10
1437,-2818.805524046378,4508.646643128164,1
1438,-4557.554977474883,-4277.294973025565,4
1439,-3964.8287352016578,-5780.168727325096,8
